0,1
DB00115,DB02703
DB02703,DB00115
DB00162,DB02703
DB02703,DB00162
DB00178,DB00216
DB00216,DB00178
DB00178,DB00255
DB00255,DB00178
DB00178,DB00413
DB00413,DB00178
DB00178,DB00450
DB00450,DB00178
DB00178,DB00539
DB00539,DB00178
DB00178,DB00555
DB00555,DB00178
DB00178,DB00709
DB00709,DB00178
DB00178,DB00751
DB00751,DB00178
DB00178,DB00783
DB00783,DB00178
DB00178,DB00882
DB00882,DB00178
DB00178,DB00973
DB00973,DB00178
DB00178,DB00977
DB00977,DB00178
DB00178,DB01030
DB01030,DB00178
DB00178,DB01032
DB01032,DB00178
DB00178,DB01195
DB01195,DB00178
DB00178,DB01202
DB01202,DB00178
DB00178,DB01239
DB01239,DB00178
DB00178,DB01267
DB01267,DB00178
DB00178,DB01273
DB01273,DB00178
DB00178,DB02703
DB02703,DB00178
DB00178,DB04844
DB04844,DB00178
DB00181,DB01032
DB01032,DB00181
DB00181,DB02703
DB02703,DB00181
DB00186,DB00216
DB00216,DB00186
DB00186,DB02703
DB02703,DB00186
DB00204,DB00401
DB00401,DB00204
DB00204,DB00519
DB00519,DB00204
DB00204,DB00775
DB00775,DB00204
DB00204,DB00961
DB00961,DB00204
DB00204,DB01030
DB01030,DB00204
DB00204,DB01054
DB01054,DB00204
DB00214,DB00709
DB00709,DB00214
DB00214,DB00763
DB00763,DB00214
DB00214,DB01030
DB01030,DB00214
DB00214,DB02703
DB02703,DB00214
DB00216,DB00366
DB00366,DB00216
DB00216,DB00423
DB00423,DB00216
DB00216,DB00425
DB00425,DB00216
DB00216,DB00427
DB00427,DB00216
DB00216,DB00519
DB00519,DB00216
DB00216,DB00529
DB00529,DB00216
DB00216,DB00556
DB00556,DB00216
DB00216,DB00604
DB00604,DB00216
DB00216,DB00628
DB00628,DB00216
DB00216,DB00660
DB00660,DB00216
DB00216,DB00737
DB00737,DB00216
DB00216,DB00842
DB00842,DB00216
DB00216,DB00862
DB00862,DB00216
DB00216,DB00909
DB00909,DB00216
DB00216,DB00980
DB00980,DB00216
DB00216,DB00985
DB00985,DB00216
DB00216,DB01018
DB01018,DB00216
DB00216,DB01065
DB01065,DB00216
DB00216,DB01068
DB01068,DB00216
DB00216,DB01235
DB01235,DB00216
DB00216,DB01589
DB01589,DB00216
DB00216,DB04844
DB04844,DB00216
DB00218,DB02703
DB02703,DB00218
DB00229,DB02703
DB02703,DB00229
DB00230,DB00529
DB00529,DB00230
DB00230,DB00819
DB00819,DB00230
DB00230,DB00966
DB00966,DB00230
DB00230,DB01071
DB01071,DB00230
DB00230,DB02703
DB02703,DB00230
DB00234,DB00519
DB00519,DB00234
DB00235,DB00275
DB00275,DB00235
DB00235,DB00292
DB00292,DB00235
DB00235,DB00401
DB00401,DB00235
DB00235,DB00425
DB00425,DB00235
DB00235,DB00529
DB00529,DB00235
DB00235,DB00599
DB00599,DB00235
DB00235,DB00697
DB00697,DB00235
DB00235,DB00850
DB00850,DB00235
DB00235,DB00862
DB00862,DB00235
DB00235,DB00966
DB00966,DB00235
DB00235,DB01162
DB01162,DB00235
DB00235,DB01182
DB01182,DB00235
DB00235,DB01337
DB01337,DB00235
DB00235,DB02703
DB02703,DB00235
DB00235,DB04844
DB04844,DB00235
DB00241,DB00529
DB00529,DB00241
DB00241,DB00966
DB00966,DB00241
DB00241,DB02703
DB02703,DB00241
DB00245,DB02703
DB02703,DB00245
DB00248,DB00966
DB00966,DB00248
DB00255,DB00275
DB00275,DB00255
DB00255,DB00292
DB00292,DB00255
DB00255,DB00350
DB00350,DB00255
DB00255,DB00413
DB00413,DB00255
DB00255,DB00519
DB00519,DB00255
DB00255,DB00697
DB00697,DB00255
DB00255,DB00709
DB00709,DB00255
DB00255,DB00806
DB00806,DB00255
DB00255,DB00883
DB00883,DB00255
DB00255,DB00996
DB00996,DB00255
DB00255,DB01143
DB01143,DB00255
DB00255,DB01249
DB01249,DB00255
DB00255,DB01267
DB01267,DB00255
DB00255,DB02703
DB02703,DB00255
DB00259,DB00346
DB00346,DB00259
DB00259,DB00519
DB00519,DB00259
DB00259,DB00599
DB00599,DB00259
DB00259,DB00687
DB00687,DB00259
DB00259,DB00973
DB00973,DB00259
DB00259,DB00977
DB00977,DB00259
DB00259,DB01032
DB01032,DB00259
DB00259,DB02703
DB02703,DB00259
DB00261,DB00519
DB00519,DB00261
DB00261,DB02703
DB02703,DB00261
DB00271,DB02703
DB02703,DB00271
DB00275,DB00366
DB00366,DB00275
DB00275,DB00413
DB00413,DB00275
DB00275,DB00423
DB00423,DB00275
DB00275,DB00450
DB00450,DB00275
DB00275,DB00481
DB00481,DB00275
DB00275,DB00529
DB00529,DB00275
DB00275,DB00555
DB00555,DB00275
DB00275,DB00763
DB00763,DB00275
DB00275,DB00831
DB00831,DB00275
DB00275,DB00850
DB00850,DB00275
DB00275,DB00882
DB00882,DB00275
DB00275,DB00961
DB00961,DB00275
DB00275,DB00973
DB00973,DB00275
DB00275,DB00977
DB00977,DB00275
DB00275,DB01030
DB01030,DB00275
DB00275,DB01032
DB01032,DB00275
DB00275,DB01065
DB01065,DB00275
DB00275,DB01069
DB01069,DB00275
DB00275,DB01100
DB01100,DB00275
DB00275,DB01182
DB01182,DB00275
DB00275,DB01202
DB01202,DB00275
DB00275,DB01337
DB01337,DB00275
DB00275,DB01590
DB01590,DB00275
DB00275,DB01608
DB01608,DB00275
DB00275,DB02703
DB02703,DB00275
DB00275,DB04844
DB04844,DB00275
DB00292,DB00346
DB00346,DB00292
DB00292,DB00401
DB00401,DB00292
DB00292,DB00519
DB00519,DB00292
DB00292,DB00524
DB00524,DB00292
DB00292,DB00528
DB00528,DB00292
DB00292,DB00529
DB00529,DB00292
DB00292,DB00542
DB00542,DB00292
DB00292,DB00687
DB00687,DB00292
DB00292,DB00709
DB00709,DB00292
DB00292,DB00742
DB00742,DB00292
DB00292,DB00775
DB00775,DB00292
DB00292,DB00806
DB00806,DB00292
DB00292,DB00819
DB00819,DB00292
DB00292,DB00862
DB00862,DB00292
DB00292,DB00882
DB00882,DB00292
DB00292,DB00966
DB00966,DB00292
DB00292,DB00973
DB00973,DB00292
DB00292,DB00977
DB00977,DB00292
DB00292,DB01020
DB01020,DB00292
DB00292,DB01030
DB01030,DB00292
DB00292,DB01032
DB01032,DB00292
DB00292,DB01054
DB01054,DB00292
DB00292,DB01071
DB01071,DB00292
DB00292,DB01182
DB01182,DB00292
DB00292,DB01184
DB01184,DB00292
DB00292,DB01273
DB01273,DB00292
DB00292,DB01608
DB01608,DB00292
DB00292,DB02703
DB02703,DB00292
DB00292,DB06712
DB06712,DB00292
DB00296,DB00519
DB00519,DB00296
DB00296,DB00529
DB00529,DB00296
DB00296,DB00709
DB00709,DB00296
DB00296,DB00742
DB00742,DB00296
DB00296,DB00862
DB00862,DB00296
DB00296,DB01030
DB01030,DB00296
DB00296,DB01032
DB01032,DB00296
DB00296,DB01182
DB01182,DB00296
DB00305,DB02703
DB02703,DB00305
DB00310,DB00413
DB00413,DB00310
DB00310,DB00709
DB00709,DB00310
DB00310,DB00882
DB00882,DB00310
DB00310,DB01030
DB01030,DB00310
DB00310,DB01032
DB01032,DB00310
DB00310,DB02703
DB02703,DB00310
DB00315,DB01202
DB01202,DB00315
DB00315,DB02703
DB02703,DB00315
DB00323,DB02703
DB02703,DB00323
DB00341,DB00519
DB00519,DB00341
DB00341,DB00528
DB00528,DB00341
DB00341,DB00882
DB00882,DB00341
DB00341,DB01030
DB01030,DB00341
DB00341,DB01054
DB01054,DB00341
DB00341,DB02703
DB02703,DB00341
DB00346,DB00413
DB00413,DB00346
DB00346,DB00599
DB00599,DB00346
DB00346,DB00697
DB00697,DB00346
DB00346,DB00806
DB00806,DB00346
DB00346,DB00882
DB00882,DB00346
DB00346,DB00973
DB00973,DB00346
DB00346,DB01273
DB01273,DB00346
DB00346,DB01590
DB01590,DB00346
DB00350,DB00783
DB00783,DB00350
DB00350,DB00882
DB00882,DB00350
DB00350,DB00977
DB00977,DB00350
DB00350,DB01100
DB01100,DB00350
DB00350,DB01236
DB01236,DB00350
DB00350,DB01590
DB01590,DB00350
DB00350,DB02703
DB02703,DB00350
DB00350,DB04844
DB04844,DB00350
DB00351,DB02703
DB02703,DB00351
DB00356,DB01182
DB01182,DB00356
DB00360,DB02703
DB02703,DB00360
DB00366,DB00381
DB00381,DB00366
DB00366,DB00401
DB00401,DB00366
DB00366,DB00519
DB00519,DB00366
DB00366,DB00528
DB00528,DB00366
DB00366,DB00539
DB00539,DB00366
DB00366,DB00709
DB00709,DB00366
DB00366,DB00742
DB00742,DB00366
DB00366,DB00783
DB00783,DB00366
DB00366,DB00882
DB00882,DB00366
DB00366,DB00977
DB00977,DB00366
DB00366,DB01032
DB01032,DB00366
DB00366,DB01054
DB01054,DB00366
DB00366,DB01394
DB01394,DB00366
DB00366,DB02703
DB02703,DB00366
DB00366,DB06712
DB06712,DB00366
DB00371,DB00775
DB00775,DB00371
DB00371,DB01182
DB01182,DB00371
DB00371,DB02703
DB02703,DB00371
DB00374,DB01032
DB01032,DB00374
DB00374,DB02703
DB02703,DB00374
DB00377,DB00575
DB00575,DB00377
DB00377,DB00742
DB00742,DB00377
DB00377,DB01182
DB01182,DB00377
DB00377,DB04844
DB04844,DB00377
DB00381,DB00423
DB00423,DB00381
DB00381,DB00427
DB00427,DB00381
DB00381,DB00433
DB00433,DB00381
DB00381,DB00450
DB00450,DB00381
DB00381,DB00737
DB00737,DB00381
DB00381,DB00775
DB00775,DB00381
DB00381,DB00831
DB00831,DB00381
DB00381,DB00934
DB00934,DB00381
DB00381,DB00961
DB00961,DB00381
DB00381,DB00985
DB00985,DB00381
DB00381,DB01032
DB01032,DB00381
DB00381,DB01065
DB01065,DB00381
DB00381,DB01071
DB01071,DB00381
DB00381,DB01176
DB01176,DB00381
DB00381,DB01239
DB01239,DB00381
DB00381,DB01267
DB01267,DB00381
DB00381,DB01623
DB01623,DB00381
DB00384,DB01030
DB01030,DB00384
DB00384,DB01032
DB01032,DB00384
DB00384,DB02703
DB02703,DB00384
DB00387,DB02703
DB02703,DB00387
DB00394,DB02703
DB02703,DB00394
DB00395,DB01032
DB01032,DB00395
DB00395,DB02703
DB02703,DB00395
DB00399,DB00697
DB00697,DB00399
DB00399,DB00763
DB00763,DB00399
DB00399,DB01032
DB01032,DB00399
DB00399,DB01337
DB01337,DB00399
DB00399,DB02703
DB02703,DB00399
DB00401,DB00413
DB00413,DB00401
DB00401,DB00423
DB00423,DB00401
DB00401,DB00427
DB00427,DB00401
DB00401,DB00433
DB00433,DB00401
DB00401,DB00434
DB00434,DB00401
DB00401,DB00437
DB00437,DB00401
DB00401,DB00450
DB00450,DB00401
DB00401,DB00475
DB00475,DB00401
DB00401,DB00512
DB00512,DB00401
DB00401,DB00529
DB00529,DB00401
DB00401,DB00543
DB00543,DB00401
DB00401,DB00687
DB00687,DB00401
DB00401,DB00763
DB00763,DB00401
DB00401,DB00775
DB00775,DB00401
DB00401,DB00831
DB00831,DB00401
DB00401,DB00850
DB00850,DB00401
DB00401,DB00889
DB00889,DB00401
DB00401,DB00961
DB00961,DB00401
DB00401,DB01032
DB01032,DB00401
DB00401,DB01069
DB01069,DB00401
DB00401,DB01100
DB01100,DB00401
DB00401,DB01182
DB01182,DB00401
DB00401,DB01195
DB01195,DB00401
DB00401,DB01236
DB01236,DB00401
DB00401,DB01239
DB01239,DB00401
DB00401,DB01267
DB01267,DB00401
DB00401,DB01273
DB01273,DB00401
DB00401,DB01623
DB01623,DB00401
DB00401,DB04844
DB04844,DB00401
DB00402,DB00519
DB00519,DB00402
DB00402,DB01032
DB01032,DB00402
DB00408,DB00519
DB00519,DB00408
DB00408,DB00528
DB00528,DB00408
DB00408,DB00529
DB00529,DB00408
DB00408,DB00742
DB00742,DB00408
DB00408,DB00973
DB00973,DB00408
DB00408,DB00977
DB00977,DB00408
DB00408,DB01030
DB01030,DB00408
DB00408,DB01032
DB01032,DB00408
DB00408,DB01394
DB01394,DB00408
DB00408,DB02703
DB02703,DB00408
DB00413,DB00481
DB00481,DB00413
DB00413,DB00512
DB00512,DB00413
DB00413,DB00519
DB00519,DB00413
DB00413,DB00524
DB00524,DB00413
DB00413,DB00528
DB00528,DB00413
DB00413,DB00529
DB00529,DB00413
DB00413,DB00531
DB00531,DB00413
DB00413,DB00539
DB00539,DB00413
DB00413,DB00542
DB00542,DB00413
DB00413,DB00590
DB00590,DB00413
DB00413,DB00687
DB00687,DB00413
DB00413,DB00742
DB00742,DB00413
DB00413,DB00751
DB00751,DB00413
DB00413,DB00775
DB00775,DB00413
DB00413,DB00783
DB00783,DB00413
DB00413,DB00806
DB00806,DB00413
DB00413,DB00808
DB00808,DB00413
DB00413,DB00819
DB00819,DB00413
DB00413,DB00862
DB00862,DB00413
DB00413,DB00880
DB00880,DB00413
DB00413,DB00882
DB00882,DB00413
DB00413,DB00966
DB00966,DB00413
DB00413,DB00973
DB00973,DB00413
DB00413,DB00977
DB00977,DB00413
DB00413,DB01030
DB01030,DB00413
DB00413,DB01032
DB01032,DB00413
DB00413,DB01054
DB01054,DB00413
DB00413,DB01071
DB01071,DB00413
DB00413,DB01099
DB01099,DB00413
DB00413,DB01162
DB01162,DB00413
DB00413,DB01182
DB01182,DB00413
DB00413,DB01184
DB01184,DB00413
DB00413,DB01337
DB01337,DB00413
DB00413,DB01436
DB01436,DB00413
DB00413,DB01590
DB01590,DB00413
DB00413,DB01608
DB01608,DB00413
DB00413,DB02703
DB02703,DB00413
DB00413,DB06694
DB06694,DB00413
DB00413,DB06712
DB06712,DB00413
DB00421,DB01032
DB01032,DB00421
DB00421,DB02703
DB02703,DB00421
DB00423,DB00439
DB00439,DB00423
DB00423,DB00519
DB00519,DB00423
DB00423,DB00523
DB00523,DB00423
DB00423,DB00528
DB00528,DB00423
DB00423,DB00529
DB00529,DB00423
DB00423,DB00531
DB00531,DB00423
DB00423,DB00539
DB00539,DB00423
DB00423,DB00709
DB00709,DB00423
DB00423,DB00742
DB00742,DB00423
DB00423,DB00806
DB00806,DB00423
DB00423,DB00862
DB00862,DB00423
DB00423,DB00973
DB00973,DB00423
DB00423,DB00977
DB00977,DB00423
DB00423,DB01030
DB01030,DB00423
DB00423,DB01032
DB01032,DB00423
DB00423,DB01054
DB01054,DB00423
DB00423,DB01184
DB01184,DB00423
DB00423,DB01394
DB01394,DB00423
DB00423,DB02703
DB02703,DB00423
DB00423,DB06694
DB06694,DB00423
DB00423,DB06712
DB06712,DB00423
DB00424,DB02703
DB02703,DB00424
DB00425,DB00519
DB00519,DB00425
DB00425,DB00528
DB00528,DB00425
DB00425,DB00529
DB00529,DB00425
DB00425,DB00539
DB00539,DB00425
DB00425,DB00709
DB00709,DB00425
DB00425,DB00742
DB00742,DB00425
DB00425,DB00806
DB00806,DB00425
DB00425,DB00819
DB00819,DB00425
DB00425,DB00882
DB00882,DB00425
DB00425,DB00966
DB00966,DB00425
DB00425,DB00973
DB00973,DB00425
DB00425,DB01030
DB01030,DB00425
DB00425,DB01032
DB01032,DB00425
DB00425,DB01162
DB01162,DB00425
DB00425,DB01182
DB01182,DB00425
DB00425,DB01394
DB01394,DB00425
DB00427,DB00519
DB00519,DB00427
DB00427,DB00523
DB00523,DB00427
DB00427,DB00528
DB00528,DB00427
DB00427,DB00529
DB00529,DB00427
DB00427,DB00539
DB00539,DB00427
DB00427,DB00709
DB00709,DB00427
DB00427,DB00742
DB00742,DB00427
DB00427,DB00783
DB00783,DB00427
DB00427,DB00862
DB00862,DB00427
DB00427,DB00882
DB00882,DB00427
DB00427,DB00973
DB00973,DB00427
DB00427,DB00977
DB00977,DB00427
DB00427,DB01030
DB01030,DB00427
DB00427,DB01032
DB01032,DB00427
DB00427,DB01054
DB01054,DB00427
DB00427,DB01182
DB01182,DB00427
DB00427,DB01184
DB01184,DB00427
DB00427,DB01394
DB01394,DB00427
DB00427,DB01436
DB01436,DB00427
DB00427,DB01590
DB01590,DB00427
DB00427,DB02703
DB02703,DB00427
DB00427,DB06694
DB06694,DB00427
DB00427,DB06712
DB06712,DB00427
DB00433,DB00519
DB00519,DB00433
DB00433,DB00528
DB00528,DB00433
DB00433,DB00529
DB00529,DB00433
DB00433,DB00806
DB00806,DB00433
DB00433,DB00966
DB00966,DB00433
DB00433,DB01030
DB01030,DB00433
DB00433,DB01032
DB01032,DB00433
DB00433,DB01054
DB01054,DB00433
DB00433,DB01436
DB01436,DB00433
DB00434,DB00539
DB00539,DB00434
DB00434,DB01054
DB01054,DB00434
DB00434,DB02703
DB02703,DB00434
DB00435,DB00528
DB00528,DB00435
DB00435,DB00599
DB00599,DB00435
DB00435,DB02703
DB02703,DB00435
DB00436,DB00709
DB00709,DB00436
DB00436,DB00882
DB00882,DB00436
DB00436,DB01030
DB01030,DB00436
DB00436,DB01032
DB01032,DB00436
DB00436,DB02703
DB02703,DB00436
DB00436,DB04844
DB04844,DB00436
DB00437,DB00450
DB00450,DB00437
DB00437,DB00557
DB00557,DB00437
DB00437,DB01224
DB01224,DB00437
DB00437,DB02703
DB02703,DB00437
DB00438,DB02703
DB02703,DB00438
DB00439,DB00450
DB00450,DB00439
DB00439,DB00519
DB00519,DB00439
DB00439,DB00831
DB00831,DB00439
DB00439,DB01224
DB01224,DB00439
DB00439,DB01608
DB01608,DB00439
DB00442,DB01032
DB01032,DB00442
DB00442,DB02703
DB02703,DB00442
DB00445,DB02703
DB02703,DB00445
DB00450,DB00512
DB00512,DB00450
DB00450,DB00519
DB00519,DB00450
DB00450,DB00523
DB00523,DB00450
DB00450,DB00528
DB00528,DB00450
DB00450,DB00542
DB00542,DB00450
DB00450,DB00709
DB00709,DB00450
DB00450,DB00742
DB00742,DB00450
DB00450,DB00775
DB00775,DB00450
DB00450,DB00882
DB00882,DB00450
DB00450,DB00966
DB00966,DB00450
DB00450,DB00973
DB00973,DB00450
DB00450,DB00977
DB00977,DB00450
DB00450,DB01030
DB01030,DB00450
DB00450,DB01032
DB01032,DB00450
DB00450,DB01054
DB01054,DB00450
DB00450,DB01380
DB01380,DB00450
DB00450,DB01394
DB01394,DB00450
DB00450,DB01436
DB01436,DB00450
DB00450,DB02703
DB02703,DB00450
DB00450,DB06712
DB06712,DB00450
DB00455,DB00519
DB00519,DB00455
DB00455,DB00529
DB00529,DB00455
DB00455,DB01032
DB01032,DB00455
DB00470,DB00519
DB00519,DB00470
DB00475,DB01182
DB01182,DB00475
DB00475,DB01337
DB01337,DB00475
DB00479,DB02703
DB02703,DB00479
DB00481,DB00519
DB00519,DB00481
DB00481,DB00528
DB00528,DB00481
DB00481,DB00529
DB00529,DB00481
DB00481,DB00555
DB00555,DB00481
DB00481,DB00575
DB00575,DB00481
DB00481,DB00599
DB00599,DB00481
DB00481,DB00697
DB00697,DB00481
DB00481,DB00709
DB00709,DB00481
DB00481,DB00742
DB00742,DB00481
DB00481,DB00961
DB00961,DB00481
DB00481,DB01030
DB01030,DB00481
DB00481,DB01032
DB01032,DB00481
DB00481,DB04844
DB04844,DB00481
DB00481,DB06694
DB06694,DB00481
DB00492,DB00539
DB00539,DB00492
DB00492,DB00709
DB00709,DB00492
DB00492,DB00882
DB00882,DB00492
DB00492,DB02703
DB02703,DB00492
DB00494,DB02703
DB02703,DB00494
DB00512,DB00528
DB00528,DB00512
DB00512,DB00539
DB00539,DB00512
DB00512,DB00555
DB00555,DB00512
DB00512,DB00697
DB00697,DB00512
DB00512,DB00709
DB00709,DB00512
DB00512,DB00806
DB00806,DB00512
DB00512,DB00882
DB00882,DB00512
DB00512,DB00973
DB00973,DB00512
DB00512,DB00977
DB00977,DB00512
DB00512,DB01032
DB01032,DB00512
DB00512,DB01054
DB01054,DB00512
DB00512,DB01100
DB01100,DB00512
DB00512,DB01162
DB01162,DB00512
DB00512,DB01182
DB01182,DB00512
DB00512,DB01202
DB01202,DB00512
DB00512,DB02703
DB02703,DB00512
DB00512,DB04844
DB04844,DB00512
DB00513,DB00599
DB00599,DB00513
DB00513,DB01032
DB01032,DB00513
DB00513,DB02703
DB02703,DB00513
DB00519,DB00523
DB00523,DB00519
DB00519,DB00529
DB00529,DB00519
DB00519,DB00539
DB00539,DB00519
DB00519,DB00543
DB00543,DB00519
DB00519,DB00555
DB00555,DB00519
DB00519,DB00556
DB00556,DB00519
DB00519,DB00557
DB00557,DB00519
DB00519,DB00593
DB00593,DB00519
DB00519,DB00621
DB00621,DB00519
DB00519,DB00623
DB00623,DB00519
DB00519,DB00628
DB00628,DB00519
DB00519,DB00660
DB00660,DB00519
DB00519,DB00709
DB00709,DB00519
DB00519,DB00737
DB00737,DB00519
DB00519,DB00751
DB00751,DB00519
DB00519,DB00757
DB00757,DB00519
DB00519,DB00763
DB00763,DB00519
DB00519,DB00775
DB00775,DB00519
DB00519,DB00783
DB00783,DB00519
DB00519,DB00831
DB00831,DB00519
DB00519,DB00882
DB00882,DB00519
DB00519,DB00884
DB00884,DB00519
DB00519,DB00889
DB00889,DB00519
DB00519,DB00906
DB00906,DB00519
DB00519,DB00909
DB00909,DB00519
DB00519,DB00915
DB00915,DB00519
DB00519,DB00921
DB00921,DB00519
DB00519,DB00934
DB00934,DB00519
DB00519,DB00952
DB00952,DB00519
DB00519,DB00961
DB00961,DB00519
DB00519,DB00962
DB00962,DB00519
DB00519,DB00973
DB00973,DB00519
DB00519,DB00977
DB00977,DB00519
DB00519,DB00985
DB00985,DB00519
DB00519,DB00996
DB00996,DB00519
DB00519,DB01030
DB01030,DB00519
DB00519,DB01032
DB01032,DB00519
DB00519,DB01041
DB01041,DB00519
DB00519,DB01065
DB01065,DB00519
DB00519,DB01068
DB01068,DB00519
DB00519,DB01080
DB01080,DB00519
DB00519,DB01085
DB01085,DB00519
DB00519,DB01114
DB01114,DB00519
DB00519,DB01173
DB01173,DB00519
DB00519,DB01176
DB01176,DB00519
DB00519,DB01182
DB01182,DB00519
DB00519,DB01184
DB01184,DB00519
DB00519,DB01189
DB01189,DB00519
DB00519,DB01195
DB01195,DB00519
DB00519,DB01202
DB01202,DB00519
DB00519,DB01215
DB01215,DB00519
DB00519,DB01219
DB01219,DB00519
DB00519,DB01236
DB01236,DB00519
DB00519,DB01239
DB01239,DB00519
DB00519,DB01249
DB01249,DB00519
DB00519,DB01267
DB01267,DB00519
DB00519,DB01273
DB01273,DB00519
DB00519,DB01380
DB01380,DB00519
DB00519,DB01394
DB01394,DB00519
DB00519,DB01427
DB01427,DB00519
DB00519,DB01436
DB01436,DB00519
DB00519,DB01544
DB01544,DB00519
DB00519,DB01545
DB01545,DB00519
DB00519,DB01558
DB01558,DB00519
DB00519,DB01588
DB01588,DB00519
DB00519,DB01589
DB01589,DB00519
DB00519,DB01595
DB01595,DB00519
DB00519,DB01608
DB01608,DB00519
DB00519,DB01623
DB01623,DB00519
DB00519,DB02703
DB02703,DB00519
DB00519,DB04844
DB04844,DB00519
DB00519,DB05271
DB05271,DB00519
DB00519,DB06288
DB06288,DB00519
DB00523,DB00557
DB00557,DB00523
DB00523,DB00628
DB00628,DB00523
DB00523,DB00985
DB00985,DB00523
DB00523,DB01071
DB01071,DB00523
DB00523,DB01224
DB01224,DB00523
DB00523,DB01608
DB01608,DB00523
DB00523,DB02703
DB02703,DB00523
DB00524,DB00529
DB00529,DB00524
DB00524,DB00555
DB00555,DB00524
DB00524,DB00882
DB00882,DB00524
DB00524,DB00961
DB00961,DB00524
DB00524,DB00973
DB00973,DB00524
DB00524,DB01182
DB01182,DB00524
DB00524,DB01202
DB01202,DB00524
DB00524,DB01273
DB01273,DB00524
DB00524,DB01590
DB01590,DB00524
DB00524,DB02703
DB02703,DB00524
DB00524,DB04844
DB04844,DB00524
DB00526,DB02703
DB02703,DB00526
DB00528,DB00543
DB00543,DB00528
DB00528,DB00555
DB00555,DB00528
DB00528,DB00556
DB00556,DB00528
DB00528,DB00557
DB00557,DB00528
DB00528,DB00604
DB00604,DB00528
DB00528,DB00623
DB00623,DB00528
DB00528,DB00628
DB00628,DB00528
DB00528,DB00660
DB00660,DB00528
DB00528,DB00687
DB00687,DB00528
DB00528,DB00709
DB00709,DB00528
DB00528,DB00737
DB00737,DB00528
DB00528,DB00775
DB00775,DB00528
DB00528,DB00783
DB00783,DB00528
DB00528,DB00831
DB00831,DB00528
DB00528,DB00842
DB00842,DB00528
DB00528,DB00850
DB00850,DB00528
DB00528,DB00889
DB00889,DB00528
DB00528,DB00934
DB00934,DB00528
DB00528,DB00961
DB00961,DB00528
DB00528,DB00977
DB00977,DB00528
DB00528,DB00985
DB00985,DB00528
DB00528,DB01030
DB01030,DB00528
DB00528,DB01032
DB01032,DB00528
DB00528,DB01065
DB01065,DB00528
DB00528,DB01069
DB01069,DB00528
DB00528,DB01071
DB01071,DB00528
DB00528,DB01080
DB01080,DB00528
DB00528,DB01100
DB01100,DB00528
DB00528,DB01106
DB01106,DB00528
DB00528,DB01114
DB01114,DB00528
DB00528,DB01176
DB01176,DB00528
DB00528,DB01182
DB01182,DB00528
DB00528,DB01184
DB01184,DB00528
DB00528,DB01224
DB01224,DB00528
DB00528,DB01235
DB01235,DB00528
DB00528,DB01239
DB01239,DB00528
DB00528,DB01267
DB01267,DB00528
DB00528,DB01427
DB01427,DB00528
DB00528,DB01436
DB01436,DB00528
DB00528,DB01589
DB01589,DB00528
DB00528,DB01590
DB01590,DB00528
DB00528,DB01608
DB01608,DB00528
DB00528,DB01623
DB01623,DB00528
DB00528,DB04844
DB04844,DB00528
DB00529,DB00543
DB00543,DB00529
DB00529,DB00555
DB00555,DB00529
DB00529,DB00557
DB00557,DB00529
DB00529,DB00575
DB00575,DB00529
DB00529,DB00593
DB00593,DB00529
DB00529,DB00599
DB00599,DB00529
DB00529,DB00623
DB00623,DB00529
DB00529,DB00633
DB00633,DB00529
DB00529,DB00697
DB00697,DB00529
DB00529,DB00737
DB00737,DB00529
DB00529,DB00742
DB00742,DB00529
DB00529,DB00751
DB00751,DB00529
DB00529,DB00775
DB00775,DB00529
DB00529,DB00783
DB00783,DB00529
DB00529,DB00806
DB00806,DB00529
DB00529,DB00818
DB00818,DB00529
DB00529,DB00819
DB00819,DB00529
DB00529,DB00829
DB00829,DB00529
DB00529,DB00831
DB00831,DB00529
DB00529,DB00842
DB00842,DB00529
DB00529,DB00850
DB00850,DB00529
DB00529,DB00862
DB00862,DB00529
DB00529,DB00882
DB00882,DB00529
DB00529,DB00906
DB00906,DB00529
DB00529,DB00909
DB00909,DB00529
DB00529,DB00915
DB00915,DB00529
DB00529,DB00918
DB00918,DB00529
DB00529,DB00934
DB00934,DB00529
DB00529,DB00952
DB00952,DB00529
DB00529,DB00961
DB00961,DB00529
DB00529,DB00966
DB00966,DB00529
DB00529,DB00973
DB00973,DB00529
DB00529,DB00977
DB00977,DB00529
DB00529,DB00985
DB00985,DB00529
DB00529,DB00996
DB00996,DB00529
DB00529,DB01018
DB01018,DB00529
DB00529,DB01020
DB01020,DB00529
DB00529,DB01030
DB01030,DB00529
DB00529,DB01032
DB01032,DB00529
DB00529,DB01054
DB01054,DB00529
DB00529,DB01065
DB01065,DB00529
DB00529,DB01068
DB01068,DB00529
DB00529,DB01069
DB01069,DB00529
DB00529,DB01071
DB01071,DB00529
DB00529,DB01114
DB01114,DB00529
DB00529,DB01176
DB01176,DB00529
DB00529,DB01202
DB01202,DB00529
DB00529,DB01219
DB01219,DB00529
DB00529,DB01235
DB01235,DB00529
DB00529,DB01236
DB01236,DB00529
DB00529,DB01239
DB01239,DB00529
DB00529,DB01273
DB01273,DB00529
DB00529,DB01394
DB01394,DB00529
DB00529,DB01589
DB01589,DB00529
DB00529,DB01608
DB01608,DB00529
DB00529,DB01623
DB01623,DB00529
DB00529,DB02703
DB02703,DB00529
DB00529,DB05271
DB05271,DB00529
DB00529,DB06288
DB06288,DB00529
DB00529,DB06712
DB06712,DB00529
DB00531,DB00543
DB00543,DB00531
DB00531,DB00763
DB00763,DB00531
DB00531,DB00831
DB00831,DB00531
DB00531,DB00961
DB00961,DB00531
DB00531,DB00966
DB00966,DB00531
DB00531,DB01182
DB01182,DB00531
DB00531,DB01273
DB01273,DB00531
DB00531,DB04844
DB04844,DB00531
DB00535,DB01032
DB01032,DB00535
DB00535,DB02703
DB02703,DB00535
DB00539,DB00542
DB00542,DB00539
DB00539,DB00555
DB00555,DB00539
DB00539,DB00599
DB00599,DB00539
DB00539,DB00628
DB00628,DB00539
DB00539,DB00709
DB00709,DB00539
DB00539,DB00742
DB00742,DB00539
DB00539,DB00783
DB00783,DB00539
DB00539,DB00961
DB00961,DB00539
DB00539,DB00985
DB00985,DB00539
DB00539,DB01030
DB01030,DB00539
DB00539,DB01071
DB01071,DB00539
DB00539,DB01202
DB01202,DB00539
DB00539,DB01219
DB01219,DB00539
DB00539,DB01235
DB01235,DB00539
DB00539,DB01436
DB01436,DB00539
DB00539,DB01589
DB01589,DB00539
DB00539,DB01608
DB01608,DB00539
DB00539,DB05271
DB05271,DB00539
DB00539,DB06694
DB06694,DB00539
DB00539,DB06712
DB06712,DB00539
DB00542,DB00555
DB00555,DB00542
DB00542,DB00709
DB00709,DB00542
DB00542,DB00751
DB00751,DB00542
DB00542,DB00783
DB00783,DB00542
DB00542,DB00882
DB00882,DB00542
DB00542,DB00973
DB00973,DB00542
DB00542,DB00977
DB00977,DB00542
DB00542,DB00985
DB00985,DB00542
DB00542,DB01030
DB01030,DB00542
DB00542,DB01032
DB01032,DB00542
DB00542,DB01182
DB01182,DB00542
DB00542,DB01202
DB01202,DB00542
DB00542,DB01273
DB01273,DB00542
DB00542,DB02703
DB02703,DB00542
DB00542,DB04844
DB04844,DB00542
DB00543,DB00742
DB00742,DB00543
DB00543,DB00973
DB00973,DB00543
DB00543,DB00977
DB00977,DB00543
DB00543,DB01032
DB01032,DB00543
DB00543,DB01054
DB01054,DB00543
DB00543,DB02703
DB02703,DB00543
DB00543,DB06694
DB06694,DB00543
DB00547,DB02703
DB02703,DB00547
DB00550,DB00599
DB00599,DB00550
DB00550,DB00783
DB00783,DB00550
DB00550,DB00977
DB00977,DB00550
DB00550,DB01032
DB01032,DB00550
DB00550,DB02703
DB02703,DB00550
DB00555,DB00709
DB00709,DB00555
DB00555,DB00862
DB00862,DB00555
DB00555,DB00880
DB00880,DB00555
DB00555,DB00889
DB00889,DB00555
DB00555,DB01143
DB01143,DB00555
DB00555,DB01210
DB01210,DB00555
DB00555,DB01273
DB01273,DB00555
DB00555,DB01590
DB01590,DB00555
DB00555,DB01608
DB01608,DB00555
DB00555,DB02703
DB02703,DB00555
DB00556,DB00575
DB00575,DB00556
DB00556,DB00599
DB00599,DB00556
DB00556,DB00687
DB00687,DB00556
DB00556,DB00742
DB00742,DB00556
DB00556,DB00973
DB00973,DB00556
DB00556,DB00977
DB00977,DB00556
DB00556,DB01030
DB01030,DB00556
DB00556,DB01032
DB01032,DB00556
DB00556,DB02703
DB02703,DB00556
DB00557,DB00709
DB00709,DB00557
DB00557,DB00783
DB00783,DB00557
DB00557,DB00882
DB00882,DB00557
DB00557,DB00977
DB00977,DB00557
DB00557,DB01030
DB01030,DB00557
DB00557,DB01032
DB01032,DB00557
DB00557,DB01054
DB01054,DB00557
DB00557,DB01394
DB01394,DB00557
DB00557,DB02703
DB02703,DB00557
DB00572,DB02703
DB02703,DB00572
DB00575,DB00604
DB00604,DB00575
DB00575,DB00695
DB00695,DB00575
DB00575,DB00709
DB00709,DB00575
DB00575,DB00775
DB00775,DB00575
DB00575,DB00818
DB00818,DB00575
DB00575,DB00882
DB00882,DB00575
DB00575,DB00973
DB00973,DB00575
DB00575,DB00977
DB00977,DB00575
DB00575,DB01030
DB01030,DB00575
DB00575,DB01065
DB01065,DB00575
DB00575,DB01249
DB01249,DB00575
DB00575,DB01273
DB01273,DB00575
DB00575,DB01590
DB01590,DB00575
DB00581,DB02703
DB02703,DB00581
DB00590,DB01337
DB01337,DB00590
DB00590,DB01589
DB01589,DB00590
DB00590,DB02703
DB02703,DB00590
DB00591,DB02703
DB02703,DB00591
DB00593,DB01030
DB01030,DB00593
DB00593,DB01032
DB01032,DB00593
DB00593,DB01054
DB01054,DB00593
DB00593,DB01273
DB01273,DB00593
DB00599,DB00670
DB00670,DB00599
DB00599,DB00820
DB00820,DB00599
DB00599,DB00862
DB00862,DB00599
DB00599,DB00869
DB00869,DB00599
DB00599,DB00889
DB00889,DB00599
DB00599,DB00973
DB00973,DB00599
DB00599,DB01182
DB01182,DB00599
DB00599,DB01196
DB01196,DB00599
DB00599,DB01249
DB01249,DB00599
DB00599,DB01337
DB01337,DB00599
DB00599,DB01608
DB01608,DB00599
DB00599,DB02703
DB02703,DB00599
DB00599,DB06262
DB06262,DB00599
DB00601,DB02703
DB02703,DB00601
DB00604,DB00628
DB00628,DB00604
DB00604,DB00806
DB00806,DB00604
DB00604,DB01030
DB01030,DB00604
DB00612,DB01030
DB01030,DB00612
DB00621,DB02703
DB02703,DB00621
DB00623,DB00806
DB00806,DB00623
DB00623,DB01032
DB01032,DB00623
DB00623,DB02703
DB02703,DB00623
DB00627,DB02703
DB02703,DB00627
DB00628,DB00709
DB00709,DB00628
DB00628,DB00742
DB00742,DB00628
DB00628,DB00882
DB00882,DB00628
DB00628,DB00973
DB00973,DB00628
DB00628,DB00977
DB00977,DB00628
DB00628,DB01030
DB01030,DB00628
DB00628,DB01032
DB01032,DB00628
DB00628,DB01182
DB01182,DB00628
DB00628,DB01394
DB01394,DB00628
DB00633,DB00775
DB00775,DB00633
DB00633,DB00862
DB00862,DB00633
DB00633,DB00973
DB00973,DB00633
DB00633,DB00977
DB00977,DB00633
DB00633,DB02703
DB02703,DB00633
DB00649,DB02703
DB02703,DB00649
DB00652,DB02703
DB02703,DB00652
DB00654,DB02703
DB02703,DB00654
DB00660,DB00742
DB00742,DB00660
DB00660,DB00806
DB00806,DB00660
DB00660,DB00819
DB00819,DB00660
DB00660,DB00973
DB00973,DB00660
DB00660,DB01032
DB01032,DB00660
DB00660,DB02703
DB02703,DB00660
DB00670,DB01032
DB01032,DB00670
DB00670,DB02703
DB02703,DB00670
DB00681,DB02703
DB02703,DB00681
DB00687,DB00961
DB00961,DB00687
DB00687,DB00966
DB00966,DB00687
DB00687,DB01054
DB01054,DB00687
DB00687,DB01182
DB01182,DB00687
DB00687,DB01202
DB01202,DB00687
DB00687,DB01273
DB01273,DB00687
DB00687,DB02703
DB02703,DB00687
DB00687,DB04844
DB04844,DB00687
DB00695,DB01030
DB01030,DB00695
DB00695,DB01182
DB01182,DB00695
DB00695,DB02703
DB02703,DB00695
DB00697,DB00710
DB00710,DB00697
DB00697,DB00732
DB00732,DB00697
DB00697,DB00751
DB00751,DB00697
DB00697,DB00783
DB00783,DB00697
DB00697,DB00806
DB00806,DB00697
DB00697,DB00862
DB00862,DB00697
DB00697,DB00973
DB00973,DB00697
DB00697,DB00977
DB00977,DB00697
DB00697,DB01005
DB01005,DB00697
DB00697,DB01032
DB01032,DB00697
DB00697,DB01054
DB01054,DB00697
DB00697,DB01099
DB01099,DB00697
DB00697,DB01337
DB01337,DB00697
DB00697,DB01608
DB01608,DB00697
DB00697,DB02703
DB02703,DB00697
DB00697,DB05266
DB05266,DB00697
DB00697,DB06694
DB06694,DB00697
DB00697,DB06712
DB06712,DB00697
DB00698,DB02703
DB02703,DB00698
DB00700,DB01032
DB01032,DB00700
DB00709,DB00742
DB00742,DB00709
DB00709,DB00783
DB00783,DB00709
DB00709,DB00808
DB00808,DB00709
DB00709,DB00880
DB00880,DB00709
DB00709,DB00882
DB00882,DB00709
DB00709,DB00961
DB00961,DB00709
DB00709,DB00973
DB00973,DB00709
DB00709,DB00977
DB00977,DB00709
DB00709,DB00985
DB00985,DB00709
DB00709,DB01021
DB01021,DB00709
DB00709,DB01071
DB01071,DB00709
DB00709,DB01114
DB01114,DB00709
DB00709,DB01143
DB01143,DB00709
DB00709,DB01202
DB01202,DB00709
DB00709,DB01224
DB01224,DB00709
DB00709,DB01235
DB01235,DB00709
DB00709,DB01267
DB01267,DB00709
DB00709,DB01590
DB01590,DB00709
DB00709,DB02703
DB02703,DB00709
DB00709,DB05271
DB05271,DB00709
DB00709,DB06712
DB06712,DB00709
DB00710,DB01032
DB01032,DB00710
DB00710,DB02703
DB02703,DB00710
DB00732,DB02703
DB02703,DB00732
DB00737,DB00742
DB00742,DB00737
DB00737,DB00783
DB00783,DB00737
DB00737,DB00882
DB00882,DB00737
DB00737,DB00977
DB00977,DB00737
DB00737,DB01030
DB01030,DB00737
DB00737,DB01032
DB01032,DB00737
DB00737,DB01394
DB01394,DB00737
DB00737,DB02703
DB02703,DB00737
DB00742,DB00775
DB00775,DB00742
DB00742,DB00862
DB00862,DB00742
DB00742,DB00889
DB00889,DB00742
DB00742,DB00909
DB00909,DB00742
DB00742,DB00961
DB00961,DB00742
DB00742,DB00977
DB00977,DB00742
DB00742,DB00985
DB00985,DB00742
DB00742,DB01021
DB01021,DB00742
DB00742,DB01030
DB01030,DB00742
DB00742,DB01065
DB01065,DB00742
DB00742,DB01068
DB01068,DB00742
DB00742,DB01071
DB01071,DB00742
DB00742,DB01080
DB01080,DB00742
DB00742,DB01143
DB01143,DB00742
DB00742,DB01189
DB01189,DB00742
DB00742,DB01202
DB01202,DB00742
DB00742,DB01267
DB01267,DB00742
DB00742,DB01563
DB01563,DB00742
DB00742,DB01590
DB01590,DB00742
DB00742,DB01608
DB01608,DB00742
DB00742,DB01623
DB01623,DB00742
DB00742,DB02703
DB02703,DB00742
DB00742,DB04844
DB04844,DB00742
DB00742,DB05271
DB05271,DB00742
DB00742,DB06712
DB06712,DB00742
DB00746,DB02703
DB02703,DB00746
DB00747,DB02703
DB02703,DB00747
DB00751,DB00862
DB00862,DB00751
DB00751,DB01030
DB01030,DB00751
DB00753,DB00806
DB00806,DB00753
DB00753,DB02703
DB02703,DB00753
DB00761,DB01032
DB01032,DB00761
DB00761,DB02703
DB02703,DB00761
DB00763,DB00806
DB00806,DB00763
DB00763,DB00977
DB00977,DB00763
DB00763,DB01032
DB01032,DB00763
DB00763,DB01054
DB01054,DB00763
DB00763,DB01162
DB01162,DB00763
DB00763,DB01337
DB01337,DB00763
DB00763,DB01590
DB01590,DB00763
DB00763,DB02703
DB02703,DB00763
DB00770,DB02703
DB02703,DB00770
DB00775,DB00862
DB00862,DB00775
DB00775,DB00882
DB00882,DB00775
DB00775,DB00973
DB00973,DB00775
DB00775,DB01032
DB01032,DB00775
DB00775,DB01054
DB01054,DB00775
DB00775,DB01162
DB01162,DB00775
DB00775,DB01182
DB01182,DB00775
DB00775,DB01202
DB01202,DB00775
DB00775,DB01337
DB01337,DB00775
DB00775,DB01590
DB01590,DB00775
DB00775,DB02703
DB02703,DB00775
DB00775,DB04844
DB04844,DB00775
DB00775,DB06712
DB06712,DB00775
DB00783,DB00850
DB00850,DB00783
DB00783,DB00961
DB00961,DB00783
DB00783,DB00985
DB00985,DB00783
DB00783,DB01202
DB01202,DB00783
DB00783,DB01224
DB01224,DB00783
DB00783,DB01249
DB01249,DB00783
DB00783,DB01273
DB01273,DB00783
DB00783,DB01608
DB01608,DB00783
DB00783,DB04844
DB04844,DB00783
DB00804,DB02703
DB02703,DB00804
DB00806,DB00819
DB00819,DB00806
DB00806,DB00820
DB00820,DB00806
DB00806,DB00831
DB00831,DB00806
DB00806,DB00850
DB00850,DB00806
DB00806,DB00862
DB00862,DB00806
DB00806,DB00961
DB00961,DB00806
DB00806,DB00973
DB00973,DB00806
DB00806,DB00977
DB00977,DB00806
DB00806,DB00985
DB00985,DB00806
DB00806,DB01005
DB01005,DB00806
DB00806,DB01032
DB01032,DB00806
DB00806,DB01065
DB01065,DB00806
DB00806,DB01099
DB01099,DB00806
DB00806,DB01162
DB01162,DB00806
DB00806,DB01182
DB01182,DB00806
DB00806,DB01196
DB01196,DB00806
DB00806,DB01202
DB01202,DB00806
DB00806,DB01219
DB01219,DB00806
DB00806,DB01239
DB01239,DB00806
DB00806,DB01337
DB01337,DB00806
DB00806,DB01427
DB01427,DB00806
DB00806,DB01589
DB01589,DB00806
DB00806,DB01608
DB01608,DB00806
DB00806,DB02703
DB02703,DB00806
DB00806,DB04844
DB04844,DB00806
DB00806,DB05271
DB05271,DB00806
DB00808,DB00882
DB00882,DB00808
DB00808,DB00961
DB00961,DB00808
DB00808,DB00973
DB00973,DB00808
DB00808,DB01030
DB01030,DB00808
DB00808,DB01032
DB01032,DB00808
DB00808,DB01202
DB01202,DB00808
DB00809,DB02703
DB02703,DB00809
DB00810,DB02703
DB02703,DB00810
DB00811,DB02703
DB02703,DB00811
DB00818,DB00973
DB00973,DB00818
DB00818,DB01337
DB01337,DB00818
DB00819,DB00862
DB00862,DB00819
DB00819,DB00961
DB00961,DB00819
DB00819,DB01054
DB01054,DB00819
DB00819,DB01080
DB01080,DB00819
DB00819,DB01202
DB01202,DB00819
DB00819,DB01219
DB01219,DB00819
DB00819,DB01244
DB01244,DB00819
DB00819,DB01337
DB01337,DB00819
DB00819,DB02703
DB02703,DB00819
DB00819,DB04844
DB04844,DB00819
DB00820,DB04844
DB04844,DB00820
DB00829,DB00862
DB00862,DB00829
DB00829,DB01020
DB01020,DB00829
DB00829,DB01065
DB01065,DB00829
DB00831,DB00966
DB00966,DB00831
DB00831,DB01032
DB01032,DB00831
DB00831,DB01054
DB01054,DB00831
DB00831,DB02703
DB02703,DB00831
DB00831,DB06712
DB06712,DB00831
DB00850,DB00966
DB00966,DB00850
DB00850,DB01054
DB01054,DB00850
DB00850,DB01162
DB01162,DB00850
DB00850,DB01182
DB01182,DB00850
DB00850,DB01273
DB01273,DB00850
DB00850,DB06712
DB06712,DB00850
DB00859,DB02703
DB02703,DB00859
DB00862,DB00882
DB00882,DB00862
DB00862,DB00934
DB00934,DB00862
DB00862,DB00961
DB00961,DB00862
DB00862,DB00973
DB00973,DB00862
DB00862,DB00977
DB00977,DB00862
DB00862,DB01030
DB01030,DB00862
DB00862,DB01032
DB01032,DB00862
DB00862,DB01071
DB01071,DB00862
DB00862,DB01143
DB01143,DB00862
DB00862,DB01236
DB01236,DB00862
DB00862,DB01239
DB01239,DB00862
DB00862,DB01394
DB01394,DB00862
DB00862,DB05271
DB05271,DB00862
DB00869,DB01182
DB01182,DB00869
DB00869,DB01202
DB01202,DB00869
DB00869,DB04844
DB04844,DB00869
DB00879,DB01032
DB01032,DB00879
DB00879,DB02703
DB02703,DB00879
DB00880,DB00882
DB00882,DB00880
DB00880,DB01030
DB01030,DB00880
DB00880,DB01032
DB01032,DB00880
DB00880,DB02703
DB02703,DB00880
DB00882,DB00909
DB00909,DB00882
DB00882,DB00961
DB00961,DB00882
DB00882,DB00977
DB00977,DB00882
DB00882,DB00985
DB00985,DB00882
DB00882,DB01021
DB01021,DB00882
DB00882,DB01030
DB01030,DB00882
DB00882,DB01071
DB01071,DB00882
DB00882,DB01114
DB01114,DB00882
DB00882,DB01143
DB01143,DB00882
DB00882,DB01210
DB01210,DB00882
DB00882,DB01224
DB01224,DB00882
DB00882,DB01235
DB01235,DB00882
DB00882,DB01267
DB01267,DB00882
DB00882,DB01590
DB01590,DB00882
DB00882,DB01608
DB01608,DB00882
DB00882,DB01623
DB01623,DB00882
DB00882,DB02703
DB02703,DB00882
DB00882,DB04844
DB04844,DB00882
DB00882,DB06712
DB06712,DB00882
DB00883,DB00977
DB00977,DB00883
DB00883,DB01032
DB01032,DB00883
DB00883,DB01100
DB01100,DB00883
DB00884,DB01032
DB01032,DB00884
DB00884,DB02703
DB02703,DB00884
DB00887,DB00961
DB00961,DB00887
DB00887,DB01030
DB01030,DB00887
DB00887,DB01054
DB01054,DB00887
DB00887,DB01182
DB01182,DB00887
DB00887,DB02703
DB02703,DB00887
DB00887,DB06694
DB06694,DB00887
DB00889,DB01030
DB01030,DB00889
DB00889,DB01032
DB01032,DB00889
DB00906,DB01030
DB01030,DB00906
DB00906,DB01032
DB01032,DB00906
DB00906,DB01182
DB01182,DB00906
DB00909,DB00973
DB00973,DB00909
DB00909,DB01030
DB01030,DB00909
DB00915,DB01032
DB01032,DB00915
DB00915,DB01054
DB01054,DB00915
DB00915,DB02703
DB02703,DB00915
DB00918,DB00961
DB00961,DB00918
DB00918,DB01182
DB01182,DB00918
DB00918,DB04844
DB04844,DB00918
DB00927,DB02703
DB02703,DB00927
DB00934,DB01032
DB01032,DB00934
DB00934,DB01054
DB01054,DB00934
DB00934,DB02703
DB02703,DB00934
DB00934,DB06694
DB06694,DB00934
DB00934,DB06712
DB06712,DB00934
DB00952,DB01182
DB01182,DB00952
DB00952,DB02703
DB02703,DB00952
DB00953,DB02703
DB02703,DB00953
DB00958,DB02703
DB02703,DB00958
DB00961,DB00973
DB00973,DB00961
DB00961,DB00977
DB00977,DB00961
DB00961,DB01030
DB01030,DB00961
DB00961,DB01032
DB01032,DB00961
DB00961,DB01054
DB01054,DB00961
DB00961,DB01071
DB01071,DB00961
DB00961,DB01162
DB01162,DB00961
DB00961,DB01182
DB01182,DB00961
DB00961,DB01184
DB01184,DB00961
DB00961,DB01380
DB01380,DB00961
DB00961,DB01590
DB01590,DB00961
DB00961,DB01608
DB01608,DB00961
DB00961,DB02703
DB02703,DB00961
DB00961,DB06694
DB06694,DB00961
DB00961,DB06712
DB06712,DB00961
DB00962,DB01030
DB01030,DB00962
DB00962,DB01032
DB01032,DB00962
DB00966,DB00996
DB00996,DB00966
DB00966,DB01005
DB01005,DB00966
DB00966,DB01032
DB01032,DB00966
DB00966,DB01065
DB01065,DB00966
DB00966,DB01100
DB01100,DB00966
DB00966,DB01182
DB01182,DB00966
DB00966,DB01195
DB01195,DB00966
DB00966,DB01236
DB01236,DB00966
DB00966,DB01267
DB01267,DB00966
DB00966,DB01337
DB01337,DB00966
DB00966,DB01427
DB01427,DB00966
DB00966,DB01436
DB01436,DB00966
DB00966,DB01589
DB01589,DB00966
DB00966,DB02703
DB02703,DB00966
DB00966,DB04844
DB04844,DB00966
DB00966,DB05271
DB05271,DB00966
DB00967,DB02703
DB02703,DB00967
DB00968,DB02703
DB02703,DB00968
DB00973,DB00977
DB00977,DB00973
DB00973,DB00985
DB00985,DB00973
DB00973,DB00996
DB00996,DB00973
DB00973,DB01020
DB01020,DB00973
DB00973,DB01021
DB01021,DB00973
DB00973,DB01030
DB01030,DB00973
DB00973,DB01065
DB01065,DB00973
DB00973,DB01080
DB01080,DB00973
DB00973,DB01143
DB01143,DB00973
DB00973,DB01202
DB01202,DB00973
DB00973,DB01219
DB01219,DB00973
DB00973,DB01224
DB01224,DB00973
DB00973,DB01235
DB01235,DB00973
DB00973,DB01249
DB01249,DB00973
DB00973,DB01267
DB01267,DB00973
DB00973,DB01273
DB01273,DB00973
DB00973,DB01563
DB01563,DB00973
DB00973,DB01589
DB01589,DB00973
DB00973,DB01590
DB01590,DB00973
DB00973,DB02703
DB02703,DB00973
DB00973,DB04844
DB04844,DB00973
DB00973,DB06712
DB06712,DB00973
DB00977,DB00985
DB00985,DB00977
DB00977,DB01020
DB01020,DB00977
DB00977,DB01030
DB01030,DB00977
DB00977,DB01068
DB01068,DB00977
DB00977,DB01071
DB01071,DB00977
DB00977,DB01080
DB01080,DB00977
DB00977,DB01143
DB01143,DB00977
DB00977,DB01202
DB01202,DB00977
DB00977,DB01224
DB01224,DB00977
DB00977,DB01235
DB01235,DB00977
DB00977,DB01249
DB01249,DB00977
DB00977,DB01273
DB01273,DB00977
DB00977,DB01608
DB01608,DB00977
DB00977,DB04844
DB04844,DB00977
DB00977,DB06694
DB06694,DB00977
DB00979,DB01032
DB01032,DB00979
DB00979,DB02703
DB02703,DB00979
DB00980,DB01030
DB01030,DB00980
DB00980,DB01032
DB01032,DB00980
DB00983,DB02703
DB02703,DB00983
DB00985,DB01030
DB01030,DB00985
DB00985,DB01032
DB01032,DB00985
DB00985,DB01054
DB01054,DB00985
DB00985,DB01394
DB01394,DB00985
DB00985,DB01436
DB01436,DB00985
DB00985,DB02703
DB02703,DB00985
DB00985,DB06712
DB06712,DB00985
DB00986,DB02703
DB02703,DB00986
DB00993,DB02703
DB02703,DB00993
DB00996,DB01032
DB01032,DB00996
DB00996,DB01054
DB01054,DB00996
DB00996,DB01337
DB01337,DB00996
DB00996,DB01608
DB01608,DB00996
DB00996,DB02703
DB02703,DB00996
DB00998,DB02703
DB02703,DB00998
DB00999,DB02703
DB02703,DB00999
DB01005,DB02703
DB02703,DB01005
DB01007,DB02703
DB02703,DB01007
DB01019,DB02703
DB02703,DB01019
DB01020,DB01182
DB01182,DB01020
DB01020,DB01202
DB01202,DB01020
DB01020,DB01590
DB01590,DB01020
DB01020,DB04844
DB04844,DB01020
DB01021,DB01030
DB01030,DB01021
DB01021,DB01032
DB01032,DB01021
DB01021,DB01590
DB01590,DB01021
DB01021,DB02703
DB02703,DB01021
DB01030,DB01065
DB01065,DB01030
DB01030,DB01068
DB01068,DB01030
DB01030,DB01071
DB01071,DB01030
DB01030,DB01114
DB01114,DB01030
DB01030,DB01143
DB01143,DB01030
DB01030,DB01176
DB01176,DB01030
DB01030,DB01186
DB01186,DB01030
DB01030,DB01193
DB01193,DB01030
DB01030,DB01202
DB01202,DB01030
DB01030,DB01210
DB01210,DB01030
DB01030,DB01224
DB01224,DB01030
DB01030,DB01235
DB01235,DB01030
DB01030,DB01267
DB01267,DB01030
DB01030,DB01273
DB01273,DB01030
DB01030,DB01275
DB01275,DB01030
DB01030,DB01558
DB01558,DB01030
DB01030,DB01590
DB01590,DB01030
DB01030,DB01608
DB01608,DB01030
DB01030,DB01623
DB01623,DB01030
DB01030,DB02703
DB02703,DB01030
DB01030,DB02925
DB02925,DB01030
DB01030,DB04844
DB04844,DB01030
DB01030,DB05271
DB05271,DB01030
DB01032,DB01041
DB01041,DB01032
DB01032,DB01054
DB01054,DB01032
DB01032,DB01065
DB01065,DB01032
DB01032,DB01068
DB01068,DB01032
DB01032,DB01069
DB01069,DB01032
DB01032,DB01071
DB01071,DB01032
DB01032,DB01080
DB01080,DB01032
DB01032,DB01100
DB01100,DB01032
DB01032,DB01106
DB01106,DB01032
DB01032,DB01114
DB01114,DB01032
DB01032,DB01143
DB01143,DB01032
DB01032,DB01176
DB01176,DB01032
DB01032,DB01182
DB01182,DB01032
DB01032,DB01196
DB01196,DB01032
DB01032,DB01219
DB01219,DB01032
DB01032,DB01239
DB01239,DB01032
DB01032,DB01244
DB01244,DB01032
DB01032,DB01249
DB01249,DB01032
DB01032,DB01267
DB01267,DB01032
DB01032,DB01273
DB01273,DB01032
DB01032,DB01563
DB01563,DB01032
DB01032,DB01608
DB01608,DB01032
DB01032,DB01623
DB01623,DB01032
DB01032,DB02703
DB02703,DB01032
DB01032,DB04844
DB04844,DB01032
DB01032,DB05271
DB05271,DB01032
DB01032,DB06694
DB06694,DB01032
DB01041,DB02703
DB02703,DB01041
DB01047,DB02703
DB02703,DB01047
DB01054,DB01069
DB01069,DB01054
DB01054,DB01071
DB01071,DB01054
DB01054,DB01100
DB01100,DB01054
DB01054,DB01106
DB01106,DB01054
DB01054,DB01114
DB01114,DB01054
DB01054,DB01176
DB01176,DB01054
DB01054,DB01210
DB01210,DB01054
DB01054,DB01239
DB01239,DB01054
DB01054,DB01267
DB01267,DB01054
DB01054,DB01273
DB01273,DB01054
DB01054,DB01337
DB01337,DB01054
DB01054,DB01427
DB01427,DB01054
DB01054,DB01436
DB01436,DB01054
DB01054,DB01608
DB01608,DB01054
DB01054,DB01623
DB01623,DB01054
DB01054,DB02925
DB02925,DB01054
DB01054,DB04844
DB04844,DB01054
DB01054,DB06288
DB06288,DB01054
DB01065,DB01162
DB01162,DB01065
DB01065,DB01182
DB01182,DB01065
DB01065,DB01183
DB01183,DB01065
DB01065,DB01394
DB01394,DB01065
DB01065,DB02703
DB02703,DB01065
DB01068,DB01394
DB01394,DB01068
DB01069,DB02703
DB02703,DB01069
DB01071,DB01202
DB01202,DB01071
DB01071,DB01337
DB01337,DB01071
DB01071,DB01436
DB01436,DB01071
DB01071,DB01590
DB01590,DB01071
DB01071,DB02703
DB02703,DB01071
DB01071,DB04844
DB04844,DB01071
DB01071,DB06694
DB06694,DB01071
DB01071,DB06712
DB06712,DB01071
DB01077,DB02703
DB02703,DB01077
DB01080,DB01394
DB01394,DB01080
DB01080,DB02703
DB02703,DB01080
DB01081,DB02703
DB02703,DB01081
DB01082,DB02703
DB02703,DB01082
DB01099,DB02703
DB02703,DB01099
DB01100,DB01244
DB01244,DB01100
DB01100,DB01249
DB01249,DB01100
DB01100,DB01337
DB01337,DB01100
DB01100,DB01436
DB01436,DB01100
DB01100,DB06712
DB06712,DB01100
DB01106,DB02703
DB02703,DB01106
DB01114,DB01394
DB01394,DB01114
DB01143,DB01182
DB01182,DB01143
DB01143,DB01590
DB01590,DB01143
DB01143,DB02703
DB02703,DB01143
DB01162,DB01182
DB01182,DB01162
DB01162,DB01337
DB01337,DB01162
DB01162,DB02703
DB02703,DB01162
DB01162,DB04844
DB04844,DB01162
DB01165,DB02703
DB02703,DB01165
DB01168,DB02703
DB02703,DB01168
DB01172,DB02703
DB02703,DB01172
DB01176,DB02703
DB02703,DB01176
DB01182,DB01235
DB01235,DB01182
DB01182,DB01244
DB01244,DB01182
DB01182,DB01366
DB01366,DB01182
DB01182,DB01427
DB01427,DB01182
DB01182,DB01589
DB01589,DB01182
DB01182,DB01595
DB01595,DB01182
DB01182,DB06262
DB06262,DB01182
DB01182,DB06288
DB06288,DB01182
DB01182,DB06694
DB06694,DB01182
DB01182,DB06712
DB06712,DB01182
DB01184,DB01202
DB01202,DB01184
DB01184,DB01273
DB01273,DB01184
DB01184,DB06694
DB06694,DB01184
DB01189,DB02703
DB02703,DB01189
DB01193,DB02703
DB02703,DB01193
DB01193,DB02925
DB02925,DB01193
DB01195,DB02703
DB02703,DB01195
DB01202,DB01273
DB01273,DB01202
DB01202,DB01608
DB01608,DB01202
DB01202,DB02703
DB02703,DB01202
DB01202,DB06712
DB06712,DB01202
DB01210,DB01394
DB01394,DB01210
DB01210,DB01590
DB01590,DB01210
DB01210,DB02703
DB02703,DB01210
DB01210,DB06694
DB06694,DB01210
DB01210,DB06712
DB06712,DB01210
DB01224,DB01273
DB01273,DB01224
DB01224,DB01436
DB01436,DB01224
DB01224,DB01608
DB01608,DB01224
DB01224,DB06712
DB06712,DB01224
DB01233,DB02703
DB02703,DB01233
DB01235,DB01273
DB01273,DB01235
DB01235,DB01394
DB01394,DB01235
DB01235,DB02703
DB02703,DB01235
DB01236,DB01273
DB01273,DB01236
DB01239,DB01427
DB01427,DB01239
DB01239,DB01436
DB01436,DB01239
DB01239,DB02703
DB02703,DB01239
DB01239,DB06694
DB06694,DB01239
DB01239,DB06712
DB06712,DB01239
DB01240,DB02703
DB02703,DB01240
DB01244,DB02703
DB02703,DB01244
DB01244,DB04844
DB04844,DB01244
DB01249,DB02703
DB02703,DB01249
DB01267,DB02703
DB02703,DB01267
DB01267,DB06694
DB06694,DB01267
DB01267,DB06712
DB06712,DB01267
DB01273,DB01394
DB01394,DB01273
DB01273,DB02703
DB02703,DB01273
DB01273,DB04844
DB04844,DB01273
DB01273,DB06712
DB06712,DB01273
DB01275,DB02703
DB02703,DB01275
DB01337,DB01366
DB01366,DB01337
DB01337,DB01427
DB01427,DB01337
DB01337,DB01436
DB01436,DB01337
DB01337,DB02703
DB02703,DB01337
DB01337,DB05266
DB05266,DB01337
DB01337,DB06712
DB06712,DB01337
DB01394,DB01608
DB01608,DB01394
DB01394,DB01623
DB01623,DB01394
DB01406,DB02703
DB02703,DB01406
DB01416,DB02703
DB02703,DB01416
DB01427,DB02703
DB02703,DB01427
DB01427,DB04844
DB04844,DB01427
DB01436,DB02703
DB02703,DB01436
DB01436,DB04844
DB04844,DB01436
DB01438,DB02703
DB02703,DB01438
DB01440,DB02703
DB02703,DB01440
DB01452,DB01608
DB01608,DB01452
DB01452,DB02703
DB02703,DB01452
DB01545,DB02703
DB02703,DB01545
DB01563,DB02703
DB02703,DB01563
DB01590,DB04844
DB04844,DB01590
DB01590,DB06694
DB06694,DB01590
DB01590,DB06712
DB06712,DB01590
DB01608,DB02703
DB02703,DB01608
DB01608,DB06694
DB06694,DB01608
DB01608,DB06712
DB06712,DB01608
DB01620,DB02703
DB02703,DB01620
DB01623,DB02703
DB02703,DB01623
DB02546,DB02703
DB02703,DB02546
DB02701,DB02703
DB02703,DB02701
DB02703,DB04540
DB04540,DB02703
DB02703,DB04844
DB04844,DB02703
DB02703,DB04861
DB04861,DB02703
DB02703,DB05266
DB05266,DB02703
DB02703,DB06262
DB06262,DB02703
DB02703,DB06288
DB06288,DB02703
DB02703,DB06694
DB06694,DB02703
DB02703,DB06781
DB06781,DB02703
DB04844,DB06262
DB06262,DB04844
DB04844,DB06694
DB06694,DB04844
DB04844,DB06712
DB06712,DB04844
DB05271,DB06712
DB06712,DB05271
