drugbank_id	hmdb_id
DB00014	HMDB14259
DB00035	HMDB14260
DB00050	HMDB14261
DB00104	HMDB14262
DB00114	HMDB01491
DB00115	HMDB00607
DB00116	HMDB01846
DB00117	HMDB00177
DB00118	HMDB01185
DB00119	HMDB00243
DB00120	HMDB00159
DB00121	HMDB00030
DB00122	HMDB00097
DB00123	HMDB00182
DB00123	HMDB03405
DB00125	HMDB00517
DB00125	HMDB03416
DB00126	HMDB00044
DB00127	HMDB01256
DB00128	HMDB00191
DB00128	HMDB06483
DB00129	HMDB00214
DB00129	HMDB03374
DB00129	HMDB32455
DB00130	HMDB00641
DB00130	HMDB03423
DB00131	HMDB00045
DB00132	HMDB01388
DB00132	HMDB30964
DB00133	HMDB00187
DB00133	HMDB03406
DB00134	HMDB00696
DB00134	HMDB33951
DB00135	HMDB00158
DB00136	HMDB01903
DB00137	HMDB02198
DB00137	HMDB02950
DB00137	HMDB03233
DB00137	HMDB03415
DB00137	HMDB03451
DB00137	HMDB14284
DB00138	HMDB00192
DB00139	HMDB00254
DB00140	HMDB00244
DB00142	HMDB00148
DB00142	HMDB03339
DB00142	HMDB60475
DB00143	HMDB00125
DB00144	HMDB14291
DB00145	HMDB00123
DB00146	HMDB03550
DB00146	HMDB06721
DB00147	HMDB01545
DB00148	HMDB00064
DB00149	HMDB00687
DB00149	HMDB13773
DB00150	HMDB00929
DB00150	HMDB13609
DB00150	HMDB30396
DB00151	HMDB00574
DB00151	HMDB03417
DB00152	HMDB00235
DB00153	HMDB00900
DB00154	HMDB02925
DB00155	HMDB00904
DB00156	HMDB00167
DB00156	HMDB04041
DB00157	HMDB01487
DB00158	HMDB00121
DB00159	HMDB01999
DB00160	HMDB00161
DB00160	HMDB01310
DB00161	HMDB00883
DB00162	HMDB00305
DB00162	HMDB06216
DB00162	HMDB06217
DB00162	HMDB06221
DB00163	HMDB01893
DB00165	HMDB00239
DB00166	HMDB01451
DB00166	HMDB14312
DB00167	HMDB00172
DB00167	HMDB00557
DB00167	HMDB33923
DB00168	HMDB01894
DB00169	HMDB00876
DB00169	HMDB06719
DB00169	HMDB14315
DB00170	HMDB01892
DB00171	HMDB00538
DB00172	HMDB00162
DB00172	HMDB03411
DB00173	HMDB00034
DB00174	HMDB00168
DB00174	HMDB33780
DB00175	HMDB05022
DB00176	HMDB14322
DB00177	HMDB14323
DB00178	HMDB14324
DB00179	HMDB12270
DB00179	HMDB14325
DB00180	HMDB14326
DB00181	HMDB14327
DB00182	HMDB12128
DB00182	HMDB14328
DB00182	HMDB15516
DB00183	HMDB14329
DB00184	HMDB01934
DB00184	HMDB14330
DB00185	HMDB14331
DB00185	HMDB61079
DB00185	HMDB61080
DB00185	HMDB61081
DB00186	HMDB14332
DB00187	HMDB14333
DB00188	HMDB14334
DB00189	HMDB14335
DB00190	HMDB01039
DB00190	HMDB02111
DB00190	HMDB14336
DB00191	HMDB14337
DB00192	HMDB14338
DB00193	HMDB14339
DB00194	HMDB00050
DB00194	HMDB14340
DB00195	HMDB14341
DB00196	HMDB14342
DB00198	HMDB14343
DB00199	HMDB14344
DB00200	HMDB01039
DB00200	HMDB02111
DB00200	HMDB03458
DB00201	HMDB01847
DB00202	HMDB14347
DB00203	HMDB05039
DB00204	HMDB14349
DB00205	HMDB14350
DB00206	HMDB14351
DB00207	HMDB01916
DB00207	HMDB14352
DB00208	HMDB14353
DB00209	HMDB14354
DB00209	HMDB42055
DB00210	HMDB14355
DB00211	HMDB14356
DB00212	HMDB14357
DB00213	HMDB05017
DB00214	HMDB14359
DB00215	HMDB05028
DB00215	HMDB05038
DB00216	HMDB14361
DB00217	HMDB14362
DB00218	HMDB14363
DB00219	HMDB14364
DB00220	HMDB14365
DB00221	HMDB14366
DB00222	HMDB14367
DB00223	HMDB14368
DB00224	HMDB14369
DB00225	HMDB01039
DB00225	HMDB02111
DB00225	HMDB14370
DB00226	HMDB14371
DB00227	HMDB14372
DB00228	HMDB14373
DB00229	HMDB14374
DB00230	HMDB14375
DB00231	HMDB14376
DB00232	HMDB14377
DB00233	HMDB14378
DB00234	HMDB14379
DB00235	HMDB14380
DB00236	HMDB14381
DB00237	HMDB14382
DB00238	HMDB14383
DB00239	HMDB14384
DB00240	HMDB14385
DB00241	HMDB14386
DB00242	HMDB14387
DB00243	HMDB14388
DB00244	HMDB14389
DB00245	HMDB14390
DB00246	HMDB14391
DB00247	HMDB14392
DB00248	HMDB14393
DB00249	HMDB14394
DB00250	HMDB14395
DB00251	HMDB14396
DB00252	HMDB14397
DB00253	HMDB14398
DB00254	HMDB14399
DB00255	HMDB14400
DB00256	HMDB14401
DB00257	HMDB01922
DB00258	HMDB00042
DB00258	HMDB00464
DB00259	HMDB14404
DB00260	HMDB14405
DB00261	HMDB14406
DB00262	HMDB14407
DB00263	HMDB14408
DB00264	HMDB01932
DB00265	HMDB14410
DB00266	HMDB14411
DB00267	HMDB14412
DB00268	HMDB14413
DB00269	HMDB14414
DB00270	HMDB14415
DB00271	HMDB14416
DB00272	HMDB14417
DB00273	HMDB05034
DB00274	HMDB14419
DB00275	HMDB14420
DB00276	HMDB14421
DB00277	HMDB01889
DB00278	HMDB14423
DB00279	HMDB00265
DB00279	HMDB15523
DB00280	HMDB14425
DB00281	HMDB14426
DB00282	HMDB14427
DB00283	HMDB14428
DB00284	HMDB14429
DB00285	HMDB05016
DB00285	HMDB61166
DB00286	HMDB00588
DB00286	HMDB01425
DB00287	HMDB14432
DB00288	HMDB14433
DB00289	HMDB14434
DB00290	HMDB14435
DB00291	HMDB14436
DB00292	HMDB14437
DB00293	HMDB14438
DB00294	HMDB14439
DB00295	HMDB14440
DB00295	HMDB40987
DB00296	HMDB14441
DB00297	HMDB14442
DB00297	HMDB15137
DB00298	HMDB14443
DB00299	HMDB14444
DB00300	HMDB14445
DB00301	HMDB14446
DB00302	HMDB14447
DB00303	HMDB14448
DB00304	HMDB14449
DB00305	HMDB14450
DB00307	HMDB14452
DB00308	HMDB14453
DB00309	HMDB14454
DB00310	HMDB14455
DB00311	HMDB14456
DB00312	HMDB14457
DB00313	HMDB01877
DB00314	HMDB14459
DB00315	HMDB14460
DB00316	HMDB01859
DB00317	HMDB14462
DB00318	HMDB04995
DB00319	HMDB14464
DB00320	HMDB14465
DB00320	HMDB15404
DB00321	HMDB14466
DB00322	HMDB14467
DB00323	HMDB14468
DB00324	HMDB14469
DB00325	HMDB14470
DB00326	HMDB00464
DB00326	HMDB14471
DB00327	HMDB14472
DB00328	HMDB14473
DB00330	HMDB14474
DB00331	HMDB01921
DB00332	HMDB02500
DB00332	HMDB14476
DB00333	HMDB14477
DB00334	HMDB05012
DB00335	HMDB01924
DB00336	HMDB14480
DB00337	HMDB14481
DB00338	HMDB01913
DB00338	HMDB05009
DB00338	HMDB14874
DB00339	HMDB14483
DB00340	HMDB14484
DB00341	HMDB05032
DB00342	HMDB14486
DB00343	HMDB14487
DB00344	HMDB14488
DB00345	HMDB01867
DB00346	HMDB14490
DB00347	HMDB14491
DB00348	HMDB14492
DB00349	HMDB14493
DB00350	HMDB14494
DB00352	HMDB14496
DB00353	HMDB14497
DB00354	HMDB14498
DB00355	HMDB14499
DB00356	HMDB14500
DB00357	HMDB14501
DB00358	HMDB14502
DB00359	HMDB14503
DB00360	HMDB00027
DB00360	HMDB00787
DB00360	HMDB59658
DB00361	HMDB14505
DB00362	HMDB14506
DB00363	HMDB14507
DB00364	HMDB01039
DB00364	HMDB01247
DB00364	HMDB02111
DB00364	HMDB14508
DB00365	HMDB14509
DB00366	HMDB01936
DB00367	HMDB14511
DB00368	HMDB00216
DB00368	HMDB37685
DB00369	HMDB14513
DB00370	HMDB14514
DB00371	HMDB14515
DB00372	HMDB14516
DB00373	HMDB14517
DB00374	HMDB14518
DB00375	HMDB14519
DB00375	HMDB32465
DB00375	HMDB34232
DB00376	HMDB14520
DB00377	HMDB14521
DB00378	HMDB14522
DB00379	HMDB14523
DB00380	HMDB14524
DB00381	HMDB05018
DB00382	HMDB14526
DB00383	HMDB14527
DB00384	HMDB01940
DB00385	HMDB14529
DB00387	HMDB14531
DB00388	HMDB02182
DB00389	HMDB14533
DB00390	HMDB01917
DB00391	HMDB14535
DB00392	HMDB14536
DB00393	HMDB14537
DB00394	HMDB14538
DB00395	HMDB14539
DB00396	HMDB01830
DB00397	HMDB01942
DB00398	HMDB14542
DB00399	HMDB14543
DB00400	HMDB14544
DB00401	HMDB14545
DB00402	HMDB14546
DB00402	HMDB15329
DB00403	HMDB14547
DB00404	HMDB14548
DB00405	HMDB01941
DB00405	HMDB14549
DB00406	HMDB14550
DB00407	HMDB14551
DB00407	HMDB15356
DB00408	HMDB14552
DB00409	HMDB14553
DB00410	HMDB14554
DB00411	HMDB00492
DB00411	HMDB02306
DB00411	HMDB14555
DB00412	HMDB05031
DB00413	HMDB14557
DB00414	HMDB14558
DB00415	HMDB14559
DB00416	HMDB12238
DB00416	HMDB14560
DB00416	HMDB15429
DB00416	HMDB59634
DB00417	HMDB14561
DB00418	HMDB14562
DB00419	HMDB14563
DB00420	HMDB14564
DB00421	HMDB14565
DB00422	HMDB14566
DB00422	HMDB15647
DB00423	HMDB14567
DB00424	HMDB14568
DB00424	HMDB14712
DB00425	HMDB05023
DB00426	HMDB14570
DB00427	HMDB14571
DB00428	HMDB14572
DB00429	HMDB14573
DB00430	HMDB14574
DB00431	HMDB14575
DB00431	HMDB59785
DB00432	HMDB14576
DB00433	HMDB14577
DB00434	HMDB14578
DB00435	HMDB03378
DB00436	HMDB14580
DB00437	HMDB14581
DB00438	HMDB14582
DB00440	HMDB14583
DB00441	HMDB14584
DB00442	HMDB14585
DB00443	HMDB14586
DB00443	HMDB15364
DB00444	HMDB14587
DB00445	HMDB14588
DB00445	HMDB15132
DB00446	HMDB14589
DB00447	HMDB14590
DB00448	HMDB05008
DB00449	HMDB14592
DB00450	HMDB14593
DB00451	HMDB00248
DB00451	HMDB14651
DB00451	HMDB15523
DB00452	HMDB15129
DB00453	HMDB14596
DB00454	HMDB14597
DB00455	HMDB05000
DB00456	HMDB14599
DB00457	HMDB14600
DB00458	HMDB01848
DB00459	HMDB03039
DB00459	HMDB14602
DB00460	HMDB14603
DB00461	HMDB14604
DB00462	HMDB02500
DB00462	HMDB14605
DB00463	HMDB14606
DB00464	HMDB14607
DB00465	HMDB14608
DB00466	HMDB14609
DB00467	HMDB14610
DB00468	HMDB14611
DB00468	HMDB15044
DB00469	HMDB14612
DB00470	HMDB14613
DB00470	HMDB41865
DB00471	HMDB14614
DB00472	HMDB14615
DB00473	HMDB14616
DB00474	HMDB14617
DB00475	HMDB14618
DB00476	HMDB14619
DB00477	HMDB14620
DB00478	HMDB14621
DB00479	HMDB14622
DB00480	HMDB14623
DB00481	HMDB14624
DB00482	HMDB05014
DB00483	HMDB12238
DB00483	HMDB14626
DB00483	HMDB59634
DB00484	HMDB14627
DB00485	HMDB14628
DB00486	HMDB14629
DB00487	HMDB14630
DB00488	HMDB14631
DB00489	HMDB14632
DB00490	HMDB14633
DB00491	HMDB14634
DB00492	HMDB14635
DB00493	HMDB14636
DB00494	HMDB12226
DB00495	HMDB14638
DB00496	HMDB14639
DB00497	HMDB14640
DB00498	HMDB14641
DB00499	HMDB14642
DB00500	HMDB14643
DB00501	HMDB14644
DB00502	HMDB14645
DB00503	HMDB14646
DB00504	HMDB14647
DB00505	HMDB14648
DB00507	HMDB14649
DB00508	HMDB14650
DB00509	HMDB00248
DB00509	HMDB14651
DB00509	HMDB15523
DB00511	HMDB14652
DB00512	HMDB14653
DB00513	HMDB01901
DB00514	HMDB01920
DB00515	HMDB00492
DB00515	HMDB02306
DB00515	HMDB14656
DB00516	HMDB01039
DB00516	HMDB02111
DB00516	HMDB14657
DB00516	HMDB15456
DB00516	HMDB35659
DB00517	HMDB02500
DB00517	HMDB14658
DB00518	HMDB14659
DB00519	HMDB14660
DB00520	HMDB14661
DB00521	HMDB14662
DB00522	HMDB14663
DB00523	HMDB01852
DB00523	HMDB02369
DB00523	HMDB06219
DB00523	HMDB12874
DB00524	HMDB14665
DB00525	HMDB05005
DB00526	HMDB02329
DB00526	HMDB14667
DB00527	HMDB14668
DB00528	HMDB14669
DB00529	HMDB14670
DB00530	HMDB14671
DB00531	HMDB14672
DB00532	HMDB14673
DB00534	HMDB00492
DB00534	HMDB02306
DB00534	HMDB14674
DB00535	HMDB14675
DB00536	HMDB01842
DB00537	HMDB14677
DB00538	HMDB14678
DB00539	HMDB14679
DB00540	HMDB14680
DB00541	HMDB14681
DB00542	HMDB14682
DB00543	HMDB14683
DB00544	HMDB14684
DB00545	HMDB14685
DB00546	HMDB14686
DB00547	HMDB14687
DB00548	HMDB00784
DB00549	HMDB14689
DB00550	HMDB14690
DB00551	HMDB14691
DB00552	HMDB14692
DB00553	HMDB14693
DB00554	HMDB14694
DB00555	HMDB14695
DB00556	HMDB14696
DB00557	HMDB14697
DB00558	HMDB14698
DB00559	HMDB14699
DB00560	HMDB14700
DB00561	HMDB14701
DB00562	HMDB14702
DB00563	HMDB14703
DB00564	HMDB14704
DB00565	HMDB14705
DB00565	HMDB14870
DB00566	HMDB14706
DB00567	HMDB14707
DB00568	HMDB14708
DB00569	HMDB00588
DB00569	HMDB14709
DB00570	HMDB14710
DB00571	HMDB01849
DB00572	HMDB14568
DB00572	HMDB14712
DB00573	HMDB14713
DB00574	HMDB15322
DB00575	HMDB14714
DB00576	HMDB14715
DB00577	HMDB14716
DB00578	HMDB14717
DB00579	HMDB14718
DB00580	HMDB05033
DB00581	HMDB00740
DB00582	HMDB14720
DB00583	HMDB00062
DB00584	HMDB14722
DB00585	HMDB14723
DB00586	HMDB14724
DB00587	HMDB14725
DB00588	HMDB05036
DB00588	HMDB14726
DB00589	HMDB14727
DB00590	HMDB14728
DB00591	HMDB14729
DB00592	HMDB14730
DB00593	HMDB14731
DB00594	HMDB14732
DB00596	HMDB14734
DB00597	HMDB14735
DB00598	HMDB14736
DB00599	HMDB14737
DB00600	HMDB14738
DB00601	HMDB14739
DB00602	HMDB14740
DB00604	HMDB14742
DB00605	HMDB14743
DB00606	HMDB14744
DB00607	HMDB14745
DB00608	HMDB14746
DB00609	HMDB14747
DB00610	HMDB14748
DB00611	HMDB14749
DB00612	HMDB14750
DB00613	HMDB14751
DB00614	HMDB14752
DB00615	HMDB14753
DB00616	HMDB14754
DB00617	HMDB14755
DB00618	HMDB14756
DB00619	HMDB14757
DB00620	HMDB14758
DB00621	HMDB14759
DB00622	HMDB14760
DB00623	HMDB14761
DB00624	HMDB00234
DB00624	HMDB00628
DB00625	HMDB14763
DB00626	HMDB14764
DB00627	HMDB01488
DB00628	HMDB14766
DB00629	HMDB14767
DB00630	HMDB01915
DB00631	HMDB14769
DB00632	HMDB14770
DB00633	HMDB14771
DB00634	HMDB14772
DB00635	HMDB14773
DB00636	HMDB14774
DB00637	HMDB14775
DB00639	HMDB14777
DB00640	HMDB00050
DB00640	HMDB14340
DB00641	HMDB05007
DB00642	HMDB14780
DB00643	HMDB14781
DB00644	HMDB14782
DB00645	HMDB14783
DB00646	HMDB14784
DB00647	HMDB14785
DB00648	HMDB14786
DB00649	HMDB14787
DB00650	HMDB01562
DB00650	HMDB02140
DB00651	HMDB14789
DB00652	HMDB14790
DB00653	HMDB00547
DB00653	HMDB01448
DB00653	HMDB14791
DB00654	HMDB14792
DB00655	HMDB00145
DB00656	HMDB14794
DB00657	HMDB14795
DB00658	HMDB14796
DB00658	HMDB34232
DB00659	HMDB14797
DB00660	HMDB14798
DB00661	HMDB01850
DB00662	HMDB14800
DB00663	HMDB14801
DB00664	HMDB14802
DB00665	HMDB14803
DB00666	HMDB14804
DB00667	HMDB00870
DB00667	HMDB00973
DB00667	HMDB01429
DB00667	HMDB02105
DB00667	HMDB02142
DB00667	HMDB14805
DB00667	HMDB60263
DB00668	HMDB00068
DB00669	HMDB05037
DB00670	HMDB14808
DB00671	HMDB14809
DB00672	HMDB14810
DB00673	HMDB14811
DB00674	HMDB14812
DB00675	HMDB14813
DB00676	HMDB14814
DB00677	HMDB14815
DB00678	HMDB14816
DB00679	HMDB14817
DB00680	HMDB14818
DB00681	HMDB14819
DB00682	HMDB01935
DB00683	HMDB14821
DB00684	HMDB14822
DB00685	HMDB14823
DB00686	HMDB14824
DB00687	HMDB14825
DB00688	HMDB14826
DB00689	HMDB14827
DB00690	HMDB14828
DB00691	HMDB14829
DB00692	HMDB14830
DB00693	HMDB14831
DB00694	HMDB14832
DB00695	HMDB01933
DB00696	HMDB14834
DB00697	HMDB14835
DB00697	HMDB60964
DB00698	HMDB14836
DB00699	HMDB14837
DB00700	HMDB14838
DB00701	HMDB14839
DB00703	HMDB14841
DB00704	HMDB14842
DB00705	HMDB14843
DB00706	HMDB14844
DB00706	HMDB42022
DB00708	HMDB14846
DB00709	HMDB14847
DB00710	HMDB14848
DB00711	HMDB14849
DB00712	HMDB14850
DB00713	HMDB14851
DB00714	HMDB14852
DB00715	HMDB14853
DB00716	HMDB14854
DB00717	HMDB14855
DB00718	HMDB14856
DB00719	HMDB14857
DB00720	HMDB14858
DB00721	HMDB14859
DB00722	HMDB01938
DB00723	HMDB14861
DB00724	HMDB14862
DB00725	HMDB02500
DB00725	HMDB14863
DB00726	HMDB14864
DB00727	HMDB14865
DB00728	HMDB14866
DB00729	HMDB14867
DB00730	HMDB14868
DB00731	HMDB14869
DB00732	HMDB14705
DB00732	HMDB14870
DB00733	HMDB14871
DB00734	HMDB05020
DB00735	HMDB14873
DB00736	HMDB01913
DB00736	HMDB05009
DB00736	HMDB14874
DB00737	HMDB14875
DB00738	HMDB14876
DB00739	HMDB14877
DB00740	HMDB14878
DB00741	HMDB00063
DB00741	HMDB14879
DB00742	HMDB00107
DB00742	HMDB00247
DB00742	HMDB00765
DB00742	HMDB11632
DB00743	HMDB14881
DB00744	HMDB14882
DB00745	HMDB14883
DB00746	HMDB14884
DB00747	HMDB03573
DB00748	HMDB14886
DB00749	HMDB14887
DB00750	HMDB14888
DB00751	HMDB14889
DB00752	HMDB14890
DB00753	HMDB14891
DB00754	HMDB14892
DB00755	HMDB01852
DB00755	HMDB02369
DB00755	HMDB06219
DB00755	HMDB12874
DB00756	HMDB14894
DB00757	HMDB14895
DB00758	HMDB05011
DB00759	HMDB14897
DB00760	HMDB14898
DB00761	HMDB00492
DB00761	HMDB00586
DB00761	HMDB02306
DB00762	HMDB14900
DB00763	HMDB14901
DB00764	HMDB14902
DB00765	HMDB14903
DB00766	HMDB14904
DB00767	HMDB14905
DB00768	HMDB14906
DB00769	HMDB14907
DB00770	HMDB01442
DB00770	HMDB04686
DB00771	HMDB14909
DB00772	HMDB14910
DB00773	HMDB14911
DB00774	HMDB14912
DB00775	HMDB14913
DB00776	HMDB14914
DB00777	HMDB14915
DB00778	HMDB14916
DB00779	HMDB14917
DB00780	HMDB14918
DB00781	HMDB14919
DB00782	HMDB14920
DB00783	HMDB00151
DB00783	HMDB00429
DB00784	HMDB14922
DB00786	HMDB14924
DB00787	HMDB14925
DB00788	HMDB01923
DB00789	HMDB14927
DB00790	HMDB14928
DB00791	HMDB14929
DB00792	HMDB14930
DB00793	HMDB14931
DB00794	HMDB14932
DB00795	HMDB14933
DB00796	HMDB14934
DB00797	HMDB14935
DB00798	HMDB14936
DB00799	HMDB14937
DB00800	HMDB14938
DB00801	HMDB14939
DB00802	HMDB14940
DB00803	HMDB14941
DB00804	HMDB14942
DB00805	HMDB14943
DB00806	HMDB14944
DB00807	HMDB14945
DB00808	HMDB14946
DB00809	HMDB14947
DB00810	HMDB14948
DB00811	HMDB14949
DB00812	HMDB14950
DB00813	HMDB14951
DB00814	HMDB14952
DB00815	HMDB00588
DB00816	HMDB14954
DB00817	HMDB14955
DB00818	HMDB14956
DB00819	HMDB14957
DB00820	HMDB14958
DB00821	HMDB14959
DB00822	HMDB14960
DB00823	HMDB14961
DB00824	HMDB14962
DB00825	HMDB03352
DB00825	HMDB35763
DB00825	HMDB35764
DB00825	HMDB35765
DB00825	HMDB41628
DB00826	HMDB14964
DB00827	HMDB14965
DB00828	HMDB14966
DB00829	HMDB14967
DB00830	HMDB14968
DB00831	HMDB14969
DB00832	HMDB14970
DB00833	HMDB14971
DB00834	HMDB14972
DB00835	HMDB01941
DB00835	HMDB14549
DB00836	HMDB04999
DB00837	HMDB14975
DB00838	HMDB14976
DB00839	HMDB14977
DB00841	HMDB14979
DB00842	HMDB14980
DB00842	HMDB60975
DB00842	HMDB61121
DB00843	HMDB05041
DB00844	HMDB14982
DB00845	HMDB14983
DB00846	HMDB14984
DB00847	HMDB02991
DB00847	HMDB60150
DB00848	HMDB14986
DB00849	HMDB14987
DB00850	HMDB14988
DB00851	HMDB14989
DB00852	HMDB01943
DB00852	HMDB15451
DB00853	HMDB14991
DB00854	HMDB14992
DB00854	HMDB60552
DB00855	HMDB01149
DB00856	HMDB14994
DB00857	HMDB14995
DB00858	HMDB14996
DB00859	HMDB14997
DB00860	HMDB14998
DB00861	HMDB14999
DB00862	HMDB15000
DB00863	HMDB01930
DB00864	HMDB15002
DB00865	HMDB15003
DB00866	HMDB15004
DB00867	HMDB15005
DB00868	HMDB15006
DB00869	HMDB15007
DB00870	HMDB15008
DB00871	HMDB15009
DB00872	HMDB15010
DB00873	HMDB15011
DB00874	HMDB04998
DB00875	HMDB15013
DB00876	HMDB15014
DB00877	HMDB15015
DB00878	HMDB15016
DB00879	HMDB15017
DB00880	HMDB15018
DB00881	HMDB15019
DB00882	HMDB15020
DB00883	HMDB15021
DB00884	HMDB15022
DB00885	HMDB15023
DB00887	HMDB15024
DB00888	HMDB15025
DB00889	HMDB15026
DB00890	HMDB15027
DB00891	HMDB15028
DB00892	HMDB15029
DB00894	HMDB15031
DB00895	HMDB00182
DB00895	HMDB03405
DB00895	HMDB15032
DB00896	HMDB15033
DB00897	HMDB15034
DB00898	HMDB00108
DB00899	HMDB15036
DB00900	HMDB15037
DB00902	HMDB15038
DB00903	HMDB15039
DB00904	HMDB05035
DB00905	HMDB15041
DB00906	HMDB15042
DB00907	HMDB15043
DB00908	HMDB14611
DB00908	HMDB15044
DB00909	HMDB15045
DB00910	HMDB15046
DB00911	HMDB15047
DB00912	HMDB15048
DB00913	HMDB15049
DB00914	HMDB15050
DB00915	HMDB15051
DB00916	HMDB15052
DB00917	HMDB01220
DB00917	HMDB05844
DB00917	HMDB60041
DB00918	HMDB15054
DB00919	HMDB15055
DB00920	HMDB15056
DB00921	HMDB15057
DB00921	HMDB60547
DB00922	HMDB15058
DB00923	HMDB15059
DB00924	HMDB15060
DB00925	HMDB15061
DB00927	HMDB01919
DB00928	HMDB15063
DB00929	HMDB15064
DB00931	HMDB15066
DB00932	HMDB15067
DB00933	HMDB15068
DB00934	HMDB15069
DB00935	HMDB15070
DB00936	HMDB01895
DB00937	HMDB15072
DB00938	HMDB15073
DB00939	HMDB15074
DB00940	HMDB15075
DB00941	HMDB15076
DB00942	HMDB15077
DB00943	HMDB15078
DB00944	HMDB15079
DB00945	HMDB01879
DB00946	HMDB15081
DB00947	HMDB15082
DB00948	HMDB15083
DB00949	HMDB15084
DB00950	HMDB05030
DB00951	HMDB15086
DB00952	HMDB15087
DB00953	HMDB15088
DB00954	HMDB15089
DB00955	HMDB15090
DB00956	HMDB15091
DB00957	HMDB15092
DB00958	HMDB00051
DB00958	HMDB15093
DB00958	HMDB41827
DB00959	HMDB15094
DB00960	HMDB15095
DB00961	HMDB15096
DB00962	HMDB15097
DB00963	HMDB15098
DB00964	HMDB15099
DB00966	HMDB15101
DB00967	HMDB15102
DB00968	HMDB11754
DB00968	HMDB60806
DB00969	HMDB15104
DB00970	HMDB15105
DB00971	HMDB15106
DB00972	HMDB15107
DB00973	HMDB15108
DB00974	HMDB15109
DB00975	HMDB15110
DB00976	HMDB15111
DB00977	HMDB01926
DB00977	HMDB61097
DB00978	HMDB15113
DB00979	HMDB15114
DB00980	HMDB15115
DB00981	HMDB15116
DB00982	HMDB01852
DB00982	HMDB02369
DB00982	HMDB06219
DB00982	HMDB12874
DB00983	HMDB15118
DB00983	HMDB15399
DB00984	HMDB15119
DB00985	HMDB01927
DB00985	HMDB15120
DB00985	HMDB41921
DB00986	HMDB15121
DB00987	HMDB00089
DB00987	HMDB15122
DB00988	HMDB00073
DB00989	HMDB15124
DB00990	HMDB15125
DB00991	HMDB15126
DB00992	HMDB15127
DB00993	HMDB15128
DB00994	HMDB15129
DB00995	HMDB04138
DB00995	HMDB15130
DB00996	HMDB05015
DB00997	HMDB14588
DB00997	HMDB15132
DB00998	HMDB15133
DB00999	HMDB01928
DB01000	HMDB15135
DB01001	HMDB01937
DB01002	HMDB14442
DB01002	HMDB15137
DB01003	HMDB15138
DB01004	HMDB15139
DB01005	HMDB15140
DB01006	HMDB15141
DB01007	HMDB15142
DB01008	HMDB15143
DB01009	HMDB15144
DB01009	HMDB41873
DB01010	HMDB15145
DB01011	HMDB15146
DB01012	HMDB15147
DB01014	HMDB15149
DB01015	HMDB15150
DB01016	HMDB15151
DB01017	HMDB15152
DB01018	HMDB15153
DB01019	HMDB15154
DB01020	HMDB15155
DB01021	HMDB15156
DB01022	HMDB03555
DB01022	HMDB04198
DB01022	HMDB15157
DB01023	HMDB15158
DB01024	HMDB15159
DB01025	HMDB15160
DB01026	HMDB12242
DB01028	HMDB15162
DB01029	HMDB15163
DB01030	HMDB15164
DB01031	HMDB15165
DB01032	HMDB15166
DB01033	HMDB15167
DB01034	HMDB15168
DB01035	HMDB15169
DB01036	HMDB15170
DB01037	HMDB15171
DB01038	HMDB15172
DB01039	HMDB15173
DB01040	HMDB03903
DB01040	HMDB15174
DB01041	HMDB15175
DB01042	HMDB15176
DB01043	HMDB15177
DB01044	HMDB15178
DB01045	HMDB15179
DB01046	HMDB15180
DB01047	HMDB15181
DB01048	HMDB15182
DB01050	HMDB01925
DB01051	HMDB15185
DB01053	HMDB15186
DB01054	HMDB15187
DB01055	HMDB15188
DB01056	HMDB15189
DB01057	HMDB15190
DB01058	HMDB15191
DB01059	HMDB15192
DB01060	HMDB15193
DB01060	HMDB30500
DB01061	HMDB15194
DB01062	HMDB15195
DB01063	HMDB15196
DB01064	HMDB15197
DB01065	HMDB01389
DB01066	HMDB15199
DB01067	HMDB15200
DB01068	HMDB15201
DB01069	HMDB15202
DB01070	HMDB15203
DB01071	HMDB15204
DB01072	HMDB15205
DB01073	HMDB15206
DB01074	HMDB15207
DB01075	HMDB01927
DB01075	HMDB15120
DB01075	HMDB41921
DB01076	HMDB05006
DB01077	HMDB15210
DB01078	HMDB15211
DB01080	HMDB15212
DB01081	HMDB15213
DB01082	HMDB15214
DB01083	HMDB15215
DB01084	HMDB15216
DB01085	HMDB15217
DB01086	HMDB04992
DB01087	HMDB15219
DB01088	HMDB15220
DB01089	HMDB15221
DB01090	HMDB15222
DB01091	HMDB15223
DB01092	HMDB15224
DB01092	HMDB31448
DB01093	HMDB02151
DB01094	HMDB05782
DB01094	HMDB30746
DB01095	HMDB15227
DB01096	HMDB15228
DB01097	HMDB15229
DB01098	HMDB15230
DB01099	HMDB15231
DB01100	HMDB15232
DB01101	HMDB15233
DB01102	HMDB15234
DB01103	HMDB15235
DB01104	HMDB05010
DB01105	HMDB15237
DB01106	HMDB15238
DB01107	HMDB15239
DB01108	HMDB15240
DB01110	HMDB15242
DB01111	HMDB15243
DB01112	HMDB15244
DB01113	HMDB15245
DB01114	HMDB01944
DB01115	HMDB15247
DB01116	HMDB15248
DB01117	HMDB15249
DB01118	HMDB15250
DB01119	HMDB15251
DB01120	HMDB15252
DB01121	HMDB15253
DB01122	HMDB15254
DB01123	HMDB15255
DB01124	HMDB15256
DB01125	HMDB15257
DB01126	HMDB15258
DB01127	HMDB15259
DB01128	HMDB15260
DB01129	HMDB05026
DB01130	HMDB15262
DB01131	HMDB15263
DB01132	HMDB15264
DB01133	HMDB15265
DB01135	HMDB15266
DB01136	HMDB15267
DB01137	HMDB01929
DB01137	HMDB15296
DB01138	HMDB15269
DB01139	HMDB15270
DB01139	HMDB30451
DB01140	HMDB15271
DB01141	HMDB15272
DB01142	HMDB15273
DB01143	HMDB15274
DB01144	HMDB15275
DB01145	HMDB15276
DB01146	HMDB15277
DB01147	HMDB15278
DB01148	HMDB15279
DB01149	HMDB15280
DB01150	HMDB15281
DB01151	HMDB15282
DB01152	HMDB15283
DB01153	HMDB15284
DB01154	HMDB15285
DB01155	HMDB15286
DB01156	HMDB01510
DB01157	HMDB15288
DB01158	HMDB15289
DB01159	HMDB15290
DB01160	HMDB01139
DB01160	HMDB01483
DB01160	HMDB02115
DB01160	HMDB05083
DB01160	HMDB10199
DB01160	HMDB11137
DB01160	HMDB15291
DB01161	HMDB15292
DB01162	HMDB15293
DB01163	HMDB15294
DB01164	HMDB00464
DB01164	HMDB00492
DB01164	HMDB02306
DB01165	HMDB01929
DB01165	HMDB15296
DB01166	HMDB15297
DB01167	HMDB15298
DB01168	HMDB15299
DB01169	HMDB15300
DB01170	HMDB15301
DB01171	HMDB15302
DB01172	HMDB15303
DB01173	HMDB15304
DB01174	HMDB15305
DB01174	HMDB15436
DB01175	HMDB05028
DB01175	HMDB05038
DB01176	HMDB15307
DB01177	HMDB15308
DB01178	HMDB15309
DB01179	HMDB15310
DB01179	HMDB31452
DB01180	HMDB15311
DB01181	HMDB15312
DB01182	HMDB15313
DB01183	HMDB15314
DB01184	HMDB15315
DB01185	HMDB15316
DB01186	HMDB15317
DB01187	HMDB15318
DB01188	HMDB15319
DB01189	HMDB15320
DB01190	HMDB15321
DB01191	HMDB15322
DB01192	HMDB15323
DB01193	HMDB15324
DB01194	HMDB15325
DB01195	HMDB15326
DB01196	HMDB15327
DB01197	HMDB15328
DB01198	HMDB14546
DB01198	HMDB15329
DB01199	HMDB15330
DB01200	HMDB15331
DB01201	HMDB15332
DB01202	HMDB15333
DB01203	HMDB15334
DB01204	HMDB15335
DB01205	HMDB15336
DB01206	HMDB15337
DB01207	HMDB15338
DB01208	HMDB15339
DB01209	HMDB15340
DB01210	HMDB15341
DB01211	HMDB15342
DB01212	HMDB15343
DB01213	HMDB15344
DB01214	HMDB15345
DB01215	HMDB15346
DB01216	HMDB01984
DB01217	HMDB15348
DB01218	HMDB15349
DB01219	HMDB15350
DB01220	HMDB15351
DB01221	HMDB15352
DB01222	HMDB15353
DB01223	HMDB01889
DB01223	HMDB15354
DB01223	HMDB31225
DB01224	HMDB05021
DB01225	HMDB14551
DB01225	HMDB15356
DB01226	HMDB15357
DB01227	HMDB15358
DB01227	HMDB15502
DB01228	HMDB15359
DB01229	HMDB15360
DB01231	HMDB15361
DB01232	HMDB15362
DB01233	HMDB15363
DB01234	HMDB14586
DB01234	HMDB15364
DB01235	HMDB00181
DB01235	HMDB00609
DB01236	HMDB15366
DB01237	HMDB15367
DB01238	HMDB05042
DB01239	HMDB15369
DB01240	HMDB01335
DB01241	HMDB15371
DB01242	HMDB15372
DB01243	HMDB15373
DB01244	HMDB15374
DB01245	HMDB15375
DB01246	HMDB15376
DB01247	HMDB15377
DB01248	HMDB15378
DB01248	HMDB42023
DB01249	HMDB15379
DB01250	HMDB15380
DB01251	HMDB15381
DB01252	HMDB15382
DB01253	HMDB15383
DB01254	HMDB15384
DB01255	HMDB15385
DB01256	HMDB15386
DB01259	HMDB15388
DB01260	HMDB15389
DB01261	HMDB15390
DB01262	HMDB15391
DB01263	HMDB15392
DB01264	HMDB15393
DB01265	HMDB00273
DB01265	HMDB15394
DB01267	HMDB15396
DB01268	HMDB15397
DB01273	HMDB15398
DB01274	HMDB15118
DB01274	HMDB15399
DB01275	HMDB15400
DB01280	HMDB15401
DB01282	HMDB15402
DB01283	HMDB15403
DB01288	HMDB15405
DB01289	HMDB15406
DB01291	HMDB15407
DB01294	HMDB01039
DB01294	HMDB01895
DB01294	HMDB02111
DB01294	HMDB02196
DB01294	HMDB15408
DB01295	HMDB15409
DB01296	HMDB01514
DB01296	HMDB30091
DB01297	HMDB15411
DB01298	HMDB15412
DB01299	HMDB15413
DB01301	HMDB15414
DB01303	HMDB00097
DB01303	HMDB15415
DB01319	HMDB15416
DB01320	HMDB15417
DB01321	HMDB15418
DB01324	HMDB15419
DB01325	HMDB15420
DB01326	HMDB15421
DB01327	HMDB15422
DB01328	HMDB15423
DB01329	HMDB15424
DB01330	HMDB15425
DB01331	HMDB15426
DB01332	HMDB15427
DB01333	HMDB15428
DB01336	HMDB14560
DB01336	HMDB15429
DB01337	HMDB15430
DB01338	HMDB15431
DB01339	HMDB15432
DB01340	HMDB15433
DB01342	HMDB15434
DB01346	HMDB14611
DB01346	HMDB15044
DB01346	HMDB15305
DB01346	HMDB15436
DB01347	HMDB15437
DB01348	HMDB15438
DB01349	HMDB15439
DB01351	HMDB15440
DB01352	HMDB15441
DB01353	HMDB15442
DB01354	HMDB15443
DB01355	HMDB15444
DB01356	HMDB05949
DB01357	HMDB15446
DB01359	HMDB15447
DB01361	HMDB15448
DB01362	HMDB15449
DB01364	HMDB01943
DB01364	HMDB15451
DB01365	HMDB15452
DB01366	HMDB15453
DB01367	HMDB15454
DB01369	HMDB15455
DB01370	HMDB15456
DB01375	HMDB00123
DB01375	HMDB01039
DB01375	HMDB02111
DB01375	HMDB15457
DB01377	HMDB15458
DB01378	HMDB00547
DB01380	HMDB15459
DB01382	HMDB15461
DB01384	HMDB15462
DB01390	HMDB00588
DB01390	HMDB00595
DB01390	HMDB03538
DB01390	HMDB31453
DB01392	HMDB15464
DB01393	HMDB15465
DB01394	HMDB15466
DB01395	HMDB15467
DB01396	HMDB15468
DB01397	HMDB00547
DB01397	HMDB01895
DB01397	HMDB15469
DB01398	HMDB00588
DB01398	HMDB01895
DB01398	HMDB15470
DB01399	HMDB15471
DB01400	HMDB15472
DB01401	HMDB00097
DB01401	HMDB00547
DB01401	HMDB01895
DB01401	HMDB15473
DB01403	HMDB15474
DB01406	HMDB02835
DB01407	HMDB15477
DB01408	HMDB15478
DB01409	HMDB15479
DB01410	HMDB15480
DB01411	HMDB15481
DB01412	HMDB02825
DB01413	HMDB15483
DB01414	HMDB15484
DB01415	HMDB15485
DB01416	HMDB15486
DB01418	HMDB15487
DB01419	HMDB15488
DB01420	HMDB15489
DB01421	HMDB15490
DB01422	HMDB15491
DB01423	HMDB15492
DB01424	HMDB15493
DB01425	HMDB15494
DB01426	HMDB15495
DB01427	HMDB15496
DB01428	HMDB15497
DB01429	HMDB15498
DB01430	HMDB15499
DB01431	HMDB15500
DB01433	HMDB15358
DB01433	HMDB15502
DB01435	HMDB15503
DB01436	HMDB15504
DB01437	HMDB15505
DB01438	HMDB15506
DB01440	HMDB00710
DB01440	HMDB15507
DB01445	HMDB41842
DB01463	HMDB15508
DB01466	HMDB15509
DB01471	HMDB04627
DB01471	HMDB06048
DB01477	HMDB02500
DB01481	HMDB06035
DB01482	HMDB00492
DB01482	HMDB02306
DB01486	HMDB01942
DB01488	HMDB05973
DB01494	HMDB00043
DB01494	HMDB59606
DB01494	HMDB60451
DB01495	HMDB15503
DB01495	HMDB60451
DB01509	HMDB41931
DB01512	HMDB61076
DB01515	HMDB41836
DB01522	HMDB15358
DB01522	HMDB15502
DB01524	HMDB03818
DB01525	HMDB06348
DB01525	HMDB06548
DB01526	HMDB05849
DB01530	HMDB00369
DB01530	HMDB00383
DB01530	HMDB00412
DB01530	HMDB00458
DB01530	HMDB00493
DB01530	HMDB00495
DB01530	HMDB00551
DB01530	HMDB00554
DB01530	HMDB60437
DB01536	HMDB00053
DB01544	HMDB15510
DB01555	HMDB15358
DB01555	HMDB15502
DB01558	HMDB15511
DB01559	HMDB15512
DB01561	HMDB00899
DB01561	HMDB03769
DB01563	HMDB60451
DB01564	HMDB04627
DB01564	HMDB06048
DB01565	HMDB60548
DB01565	HMDB60796
DB01565	HMDB60798
DB01565	HMDB60854
DB01567	HMDB15513
DB01568	HMDB33948
DB01569	HMDB04631
DB01576	HMDB12128
DB01576	HMDB14328
DB01576	HMDB15516
DB01577	HMDB15517
DB01578	HMDB15518
DB01579	HMDB15519
DB01580	HMDB15520
DB01581	HMDB15521
DB01582	HMDB15522
DB01583	HMDB00248
DB01583	HMDB00265
DB01583	HMDB00588
DB01583	HMDB14651
DB01583	HMDB15523
DB01586	HMDB00361
DB01586	HMDB00384
DB01586	HMDB00514
DB01586	HMDB00518
DB01586	HMDB00686
DB01586	HMDB00946
DB01587	HMDB15526
DB01588	HMDB15527
DB01589	HMDB15528
DB01590	HMDB15529
DB01591	HMDB00254
DB01591	HMDB15530
DB01592	HMDB15531
DB01593	HMDB15532
DB01594	HMDB15533
DB01595	HMDB15534
DB01597	HMDB15535
DB01598	HMDB15536
DB01599	HMDB15537
DB01600	HMDB15538
DB01601	HMDB15539
DB01602	HMDB15540
DB01603	HMDB15541
DB01604	HMDB15542
DB01605	HMDB15543
DB01606	HMDB15544
DB01607	HMDB15545
DB01608	HMDB15546
DB01609	HMDB15547
DB01610	HMDB15548
DB01611	HMDB15549
DB01612	HMDB15550
DB01613	HMDB15551
DB01614	HMDB15552
DB01615	HMDB15553
DB01616	HMDB15554
DB01618	HMDB15555
DB01619	HMDB15556
DB01620	HMDB15557
DB01621	HMDB15558
DB01622	HMDB15559
DB01623	HMDB15560
DB01624	HMDB15561
DB01625	HMDB15562
DB01626	HMDB15563
DB01627	HMDB15564
DB01628	HMDB15565
DB01629	HMDB60396
DB01631	HMDB31264
DB01632	HMDB00280
DB01636	HMDB00692
DB01638	HMDB00107
DB01638	HMDB00247
DB01638	HMDB00765
DB01638	HMDB11632
DB01642	HMDB29965
DB01643	HMDB01227
DB01645	HMDB03217
DB01646	HMDB11745
DB01650	HMDB02641
DB01650	HMDB41592
DB01652	HMDB06467
DB01652	HMDB60140
DB01655	HMDB01316
DB01670	HMDB34237
DB01671	HMDB01039
DB01671	HMDB02111
DB01672	HMDB00397
DB01675	HMDB01011
DB01677	HMDB00134
DB01677	HMDB00176
DB01686	HMDB01539
DB01687	HMDB00055
DB01687	HMDB00163
DB01687	HMDB00186
DB01687	HMDB29902
DB01687	HMDB29933
DB01687	HMDB33368
DB01687	HMDB37138
DB01687	HMDB41627
DB01688	HMDB01858
DB01690	HMDB01155
DB01692	HMDB13593
DB01694	HMDB00956
DB01694	HMDB29878
DB01694	HMDB59916
DB01696	HMDB00289
DB01697	HMDB01262
DB01697	HMDB06857
DB01697	HMDB38852
DB01698	HMDB03249
DB01700	HMDB01517
DB01702	HMDB01336
DB01703	HMDB15531
DB01708	HMDB00077
DB01708	HMDB05962
DB01709	HMDB00362
DB01709	HMDB03391
DB01713	HMDB01018
DB01713	HMDB12303
DB01714	HMDB02038
DB01717	HMDB01192
DB01722	HMDB59905
DB01727	HMDB00193
DB01727	HMDB01874
DB01727	HMDB33717
DB01728	HMDB08923
DB01729	HMDB01143
DB01729	HMDB01498
DB01739	HMDB00172
DB01739	HMDB00557
DB01739	HMDB33923
DB01744	HMDB59838
DB01746	HMDB00687
DB01746	HMDB13773
DB01747	HMDB12943
DB01750	HMDB32708
DB01752	HMDB00939
DB01758	HMDB00021
DB01759	HMDB32923
DB01760	HMDB40340
DB01762	HMDB00060
DB01764	HMDB15566
DB01774	HMDB06369
DB01774	HMDB06557
DB01775	HMDB01882
DB01776	HMDB02048
DB01779	HMDB02520
DB01783	HMDB00210
DB01785	HMDB01120
DB01786	HMDB00161
DB01786	HMDB01310
DB01794	HMDB00547
DB01794	HMDB02206
DB01794	HMDB12261
DB01794	HMDB59640
DB01796	HMDB00232
DB01812	HMDB00061
DB01819	HMDB00263
DB01822	HMDB59664
DB01828	HMDB00164
DB01828	HMDB60291
DB01833	HMDB02706
DB01837	HMDB03011
DB01839	HMDB01881
DB01839	HMDB06213
DB01844	HMDB01888
DB01845	HMDB59812
DB01849	HMDB00076
DB01852	HMDB05801
DB01856	HMDB00857
DB01857	HMDB12250
DB01861	HMDB00286
DB01861	HMDB00302
DB01861	HMDB60079
DB01863	HMDB01059
DB01872	HMDB00781
DB01878	HMDB32049
DB01880	HMDB01964
DB01880	HMDB03501
DB01885	HMDB00150
DB01889	HMDB05935
DB01894	HMDB00230
DB01894	HMDB00773
DB01900	HMDB34168
DB01904	HMDB00508
DB01904	HMDB00568
DB01904	HMDB01851
DB01904	HMDB02917
DB01912	HMDB13671
DB01917	HMDB01414
DB01917	HMDB60243
DB01919	HMDB31206
DB01936	HMDB00283
DB01936	HMDB12325
DB01942	HMDB00142
DB01956	HMDB00251
DB01962	HMDB06049
DB01966	HMDB08991
DB01966	HMDB60501
DB01971	HMDB00301
DB01971	HMDB34174
DB01972	HMDB01397
DB01979	HMDB29965
DB01982	HMDB00127
DB01982	HMDB03363
DB01982	HMDB03402
DB01982	HMDB38491
DB01985	HMDB04620
DB01987	HMDB01372
DB01990	HMDB00653
DB01992	HMDB01423
DB02000	HMDB00543
DB02007	HMDB01078
DB02007	HMDB01401
DB02007	HMDB03498
DB02013	HMDB15531
DB02015	HMDB01056
DB02023	HMDB11670
DB02024	HMDB00764
DB02030	HMDB03882
DB02031	HMDB01846
DB02032	HMDB15328
DB02043	HMDB10570
DB02054	HMDB01891
DB02056	HMDB01403
DB02059	HMDB01178
DB02060	HMDB03315
DB02061	HMDB00055
DB02061	HMDB00163
DB02061	HMDB00186
DB02061	HMDB29902
DB02061	HMDB29933
DB02061	HMDB33368
DB02061	HMDB37138
DB02061	HMDB41627
DB02068	HMDB03355
DB02070	HMDB00684
DB02074	HMDB10720
DB02074	HMDB34439
DB02076	HMDB01316
DB02083	HMDB00092
DB02085	HMDB36458
DB02092	HMDB00610
DB02097	HMDB00089
DB02097	HMDB15122
DB02100	HMDB29965
DB02110	HMDB00887
DB02110	HMDB02274
DB02110	HMDB03178
DB02110	HMDB06316
DB02110	HMDB37761
DB02115	HMDB33991
DB02116	HMDB35233
DB02121	HMDB33870
DB02123	HMDB00637
DB02123	HMDB00708
DB02123	HMDB06898
DB02129	HMDB00528
DB02129	HMDB03349
DB02130	HMDB00484
DB02133	HMDB38578
DB02134	HMDB00292
DB02137	HMDB01302
DB02137	HMDB02206
DB02137	HMDB12261
DB02137	HMDB59640
DB02142	HMDB01555
DB02144	HMDB09783
DB02145	HMDB04327
DB02153	HMDB60179
DB02156	HMDB04045
DB02156	HMDB60174
DB02159	HMDB01881
DB02159	HMDB06213
DB02165	HMDB01039
DB02165	HMDB01303
DB02165	HMDB02111
DB02169	HMDB30441
DB02171	HMDB01530
DB02171	HMDB05831
DB02173	HMDB02274
DB02173	HMDB06316
DB02174	HMDB00641
DB02174	HMDB03423
DB02175	HMDB00691
DB02176	HMDB00042
DB02176	HMDB03625
DB02178	HMDB06236
DB02180	HMDB01521
DB02181	HMDB01440
DB02184	HMDB13593
DB02185	HMDB34864
DB02186	HMDB00814
DB02189	HMDB60728
DB02190	HMDB03974
DB02192	HMDB33944
DB02196	HMDB00290
DB02196	HMDB00304
DB02196	HMDB13112
DB02196	HMDB60522
DB02201	HMDB00691
DB02202	HMDB31320
DB02203	HMDB60427
DB02209	HMDB01319
DB02216	HMDB02108
DB02232	HMDB00957
DB02235	HMDB02005
DB02236	HMDB02022
DB02237	HMDB01296
DB02237	HMDB29931
DB02238	HMDB01553
DB02239	HMDB00720
DB02249	HMDB31213
DB02253	HMDB35685
DB02256	HMDB00012
DB02262	HMDB00226
DB02263	HMDB01112
DB02267	HMDB00052
DB02274	HMDB37790
DB02279	HMDB01587
DB02280	HMDB00703
DB02282	HMDB01173
DB02289	HMDB01147
DB02296	HMDB06007
DB02300	HMDB15567
DB02302	HMDB03334
DB02304	HMDB04236
DB02306	HMDB07973
DB02309	HMDB01554
DB02312	HMDB01078
DB02312	HMDB01401
DB02312	HMDB03498
DB02315	HMDB01314
DB02317	HMDB00645
DB02317	HMDB00994
DB02317	HMDB01586
DB02317	HMDB06330
DB02332	HMDB01248
DB02333	HMDB01191
DB02334	HMDB60176
DB02338	HMDB00221
DB02340	HMDB02931
DB02342	HMDB00405
DB02344	HMDB00230
DB02344	HMDB00773
DB02345	HMDB03288
DB02362	HMDB01392
DB02368	HMDB00856
DB02373	HMDB01039
DB02373	HMDB02111
DB02375	HMDB02755
DB02379	HMDB00122
DB02379	HMDB00143
DB02379	HMDB00169
DB02379	HMDB00516
DB02379	HMDB01151
DB02379	HMDB03345
DB02379	HMDB03449
DB02379	HMDB12326
DB02379	HMDB33704
DB02380	HMDB03536
DB02382	HMDB59646
DB02385	HMDB00727
DB02385	HMDB00845
DB02385	HMDB00877
DB02387	HMDB59720
DB02399	HMDB41500
DB02406	HMDB00892
DB02417	HMDB29642
DB02418	HMDB03156
DB02418	HMDB33007
DB02421	HMDB00286
DB02421	HMDB00302
DB02421	HMDB60079
DB02428	HMDB00842
DB02430	HMDB01124
DB02431	HMDB00082
DB02440	HMDB01485
DB02448	HMDB00910
DB02452	HMDB01342
DB02453	HMDB01039
DB02453	HMDB02111
DB02453	HMDB04118
DB02456	HMDB00095
DB02464	HMDB33871
DB02467	HMDB02005
DB02482	HMDB11185
DB02484	HMDB59599
DB02485	HMDB01176
DB02494	HMDB00563
DB02494	HMDB00748
DB02494	HMDB00779
DB02496	HMDB01213
DB02501	HMDB32764
DB02502	HMDB03333
DB02507	HMDB01935
DB02509	HMDB04305
DB02509	HMDB59849
DB02513	HMDB01878
DB02515	HMDB00126
DB02517	HMDB00148
DB02517	HMDB03339
DB02517	HMDB60475
DB02518	HMDB00766
DB02527	HMDB00058
DB02530	HMDB00112
DB02531	HMDB01873
DB02536	HMDB01051
DB02546	HMDB15568
DB02547	HMDB01095
DB02547	HMDB01499
DB02548	HMDB01530
DB02548	HMDB05831
DB02552	HMDB01285
DB02556	HMDB00159
DB02561	HMDB01266
DB02562	HMDB02215
DB02563	HMDB02845
DB02571	HMDB01263
DB02571	HMDB59595
DB02576	HMDB12136
DB02577	HMDB00887
DB02577	HMDB03178
DB02577	HMDB37761
DB02579	HMDB31647
DB02594	HMDB00014
DB02606	HMDB11469
DB02609	HMDB06802
DB02624	HMDB29387
DB02626	HMDB15531
DB02637	HMDB00223
DB02638	HMDB15569
DB02648	HMDB00062
DB02654	HMDB11612
DB02655	HMDB00191
DB02655	HMDB06483
DB02657	HMDB01254
DB02659	HMDB00312
DB02659	HMDB00376
DB02659	HMDB00390
DB02659	HMDB00395
DB02659	HMDB00419
DB02659	HMDB00427
DB02659	HMDB00432
DB02659	HMDB00505
DB02659	HMDB00619
DB02659	HMDB00917
DB02665	HMDB14890
DB02667	HMDB02274
DB02667	HMDB06316
DB02678	HMDB01514
DB02678	HMDB30091
DB02688	HMDB03609
DB02691	HMDB00138
DB02691	HMDB00331
DB02691	HMDB32596
DB02692	HMDB00027
DB02692	HMDB00787
DB02692	HMDB59658
DB02693	HMDB59664
DB02699	HMDB12329
DB02701	HMDB01406
DB02703	HMDB15570
DB02709	HMDB03747
DB02709	HMDB34118
DB02713	HMDB00532
DB02714	HMDB60282
DB02724	HMDB12943
DB02726	HMDB00816
DB02726	HMDB60148
DB02736	HMDB31645
DB02738	HMDB59647
DB02740	HMDB02096
DB02743	HMDB00055
DB02743	HMDB00163
DB02743	HMDB00186
DB02743	HMDB29902
DB02743	HMDB29933
DB02743	HMDB33368
DB02743	HMDB37138
DB02743	HMDB41627
DB02745	HMDB00296
DB02746	HMDB02107
DB02750	HMDB00574
DB02750	HMDB03417
DB02751	HMDB00128
DB02756	HMDB37113
DB02758	HMDB02302
DB02761	HMDB03585
DB02764	HMDB29600
DB02767	HMDB10731
DB02771	HMDB31444
DB02772	HMDB00258
DB02788	HMDB03243
DB02789	HMDB00253
DB02795	HMDB01101
DB02805	HMDB60282
DB02807	HMDB00346
DB02821	HMDB12251
DB02823	HMDB04110
DB02826	HMDB31450
DB02831	HMDB00973
DB02831	HMDB01429
DB02831	HMDB02105
DB02831	HMDB02142
DB02835	HMDB03514
DB02835	HMDB60269
DB02838	HMDB06875
DB02839	HMDB29666
DB02843	HMDB00645
DB02843	HMDB00994
DB02843	HMDB01586
DB02843	HMDB06330
DB02852	HMDB33939
DB02853	HMDB00162
DB02853	HMDB03411
DB02854	HMDB00031
DB02854	HMDB00365
DB02854	HMDB00490
DB02854	HMDB00546
DB02857	HMDB00133
DB02863	HMDB38578
DB02867	HMDB00645
DB02867	HMDB00994
DB02867	HMDB01586
DB02867	HMDB06330
DB02891	HMDB31809
DB02893	HMDB00696
DB02893	HMDB33951
DB02897	HMDB01494
DB02900	HMDB01078
DB02900	HMDB01401
DB02900	HMDB03498
DB02901	HMDB02961
DB02901	HMDB06770
DB02902	HMDB01134
DB02910	HMDB01070
DB02920	HMDB01303
DB02924	HMDB35158
DB02932	HMDB15260
DB02938	HMDB00666
DB02942	HMDB06234
DB02945	HMDB00127
DB02945	HMDB03363
DB02945	HMDB03402
DB02945	HMDB38491
DB02951	HMDB01352
DB02952	HMDB01906
DB02955	HMDB34297
DB02957	HMDB00218
DB02958	HMDB60257
DB02959	HMDB00472
DB02959	HMDB15571
DB02969	HMDB32985
DB02994	HMDB11625
DB02995	HMDB31404
DB03025	HMDB31299
DB03029	HMDB59851
DB03034	HMDB01929
DB03034	HMDB15296
DB03041	HMDB00935
DB03041	HMDB12302
DB03041	HMDB12304
DB03057	HMDB06112
DB03059	HMDB01484
DB03066	HMDB00190
DB03066	HMDB01311
DB03085	HMDB00115
DB03087	HMDB37140
DB03088	HMDB00267
DB03088	HMDB00805
DB03088	HMDB60262
DB03089	HMDB00191
DB03089	HMDB06483
DB03101	HMDB01489
DB03103	HMDB01274
DB03105	HMDB31658
DB03106	HMDB00211
DB03106	HMDB06088
DB03106	HMDB34220
DB03107	HMDB00056
DB03109	HMDB00212
DB03109	HMDB00215
DB03109	HMDB00803
DB03109	HMDB00853
DB03109	HMDB01129
DB03111	HMDB01109
DB03119	HMDB29603
DB03120	HMDB59933
DB03125	HMDB14583
DB03128	HMDB00895
DB03134	HMDB34252
DB03142	HMDB00283
DB03142	HMDB12325
DB03143	HMDB31265
DB03144	HMDB04224
DB03147	HMDB01248
DB03156	HMDB00127
DB03156	HMDB03363
DB03156	HMDB03402
DB03156	HMDB38491
DB03158	HMDB00968
DB03166	HMDB00042
DB03170	HMDB01373
DB03175	HMDB00820
DB03192	HMDB03938
DB03193	HMDB00827
DB03201	HMDB00574
DB03201	HMDB03417
DB03203	HMDB00252
DB03206	HMDB35359
DB03222	HMDB01532
DB03226	HMDB59596
DB03227	HMDB00229
DB03227	HMDB59645
DB03229	HMDB00695
DB03246	HMDB00283
DB03246	HMDB12325
DB03247	HMDB01520
DB03252	HMDB00182
DB03252	HMDB03405
DB03255	HMDB00228
DB03256	HMDB01562
DB03256	HMDB02140
DB03258	HMDB00998
DB03264	HMDB03571
DB03266	HMDB29599
DB03271	HMDB00038
DB03277	HMDB01262
DB03277	HMDB06857
DB03277	HMDB38852
DB03278	HMDB02994
DB03278	HMDB04136
DB03283	HMDB00174
DB03283	HMDB00849
DB03283	HMDB03081
DB03283	HMDB29196
DB03283	HMDB59624
DB03283	HMDB59625
DB03285	HMDB37316
DB03292	HMDB00370
DB03293	HMDB01973
DB03303	HMDB00346
DB03310	HMDB03337
DB03313	HMDB60450
DB03320	HMDB02006
DB03322	HMDB01849
DB03323	HMDB00055
DB03323	HMDB00163
DB03323	HMDB00186
DB03323	HMDB29902
DB03323	HMDB29933
DB03323	HMDB33368
DB03323	HMDB37138
DB03323	HMDB41627
DB03328	HMDB03276
DB03344	HMDB03529
DB03357	HMDB00703
DB03362	HMDB13287
DB03374	HMDB03474
DB03380	HMDB13319
DB03381	HMDB01551
DB03389	HMDB00098
DB03389	HMDB00646
DB03389	HMDB12194
DB03397	HMDB00290
DB03397	HMDB00304
DB03397	HMDB13112
DB03397	HMDB60522
DB03401	HMDB01143
DB03401	HMDB01498
DB03403	HMDB00095
DB03407	HMDB02916
DB03408	HMDB01049
DB03411	HMDB39499
DB03413	HMDB01000
DB03416	HMDB02666
DB03419	HMDB00300
DB03423	HMDB11117
DB03426	HMDB11132
DB03429	HMDB56960
DB03430	HMDB60318
DB03432	HMDB02166
DB03432	HMDB02299
DB03432	HMDB03911
DB03435	HMDB00295
DB03440	HMDB13034
DB03460	HMDB03101
DB03461	HMDB00217
DB03462	HMDB00262
DB03463	HMDB59924
DB03465	HMDB00362
DB03465	HMDB03391
DB03467	HMDB02670
DB03470	HMDB60520
DB03478	HMDB59656
DB03481	HMDB60401
DB03484	HMDB59660
DB03485	HMDB00174
DB03485	HMDB00849
DB03485	HMDB03081
DB03485	HMDB29196
DB03485	HMDB59624
DB03485	HMDB59625
DB03489	HMDB01353
DB03491	HMDB00960
DB03493	HMDB01107
DB03499	HMDB00156
DB03499	HMDB00744
DB03499	HMDB31518
DB03500	HMDB01160
DB03501	HMDB00286
DB03501	HMDB00302
DB03501	HMDB60079
DB03511	HMDB00127
DB03511	HMDB03363
DB03511	HMDB03402
DB03511	HMDB38491
DB03512	HMDB01039
DB03512	HMDB02111
DB03514	HMDB13744
DB03518	HMDB00227
DB03518	HMDB59629
DB03519	HMDB13716
DB03528	HMDB00050
DB03528	HMDB14340
DB03542	HMDB00213
DB03542	HMDB01313
DB03542	HMDB02985
DB03542	HMDB06814
DB03552	HMDB59720
DB03553	HMDB00661
DB03560	HMDB11718
DB03561	HMDB29597
DB03563	HMDB59907
DB03566	HMDB01257
DB03567	HMDB00212
DB03567	HMDB00215
DB03567	HMDB00803
DB03567	HMDB00853
DB03567	HMDB01129
DB03568	HMDB00039
DB03574	HMDB12943
DB03582	HMDB01199
DB03587	HMDB01167
DB03589	HMDB31522
DB03590	HMDB01370
DB03593	HMDB59612
DB03600	HMDB00511
DB03601	HMDB29519
DB03603	HMDB00639
DB03603	HMDB00663
DB03603	HMDB29881
DB03610	HMDB14023
DB03612	HMDB01166
DB03614	HMDB02274
DB03614	HMDB03429
DB03614	HMDB06316
DB03618	HMDB01542
DB03618	HMDB06535
DB03619	HMDB00348
DB03619	HMDB00411
DB03619	HMDB00438
DB03619	HMDB00478
DB03619	HMDB00626
DB03619	HMDB02585
DB03633	HMDB11149
DB03644	HMDB01476
DB03652	HMDB00127
DB03652	HMDB03363
DB03652	HMDB03402
DB03652	HMDB38491
DB03659	HMDB31321
DB03661	HMDB02757
DB03671	HMDB60731
DB03675	HMDB12140
DB03680	HMDB35227
DB03681	HMDB00492
DB03681	HMDB02306
DB03681	HMDB15531
DB03685	HMDB00288
DB03688	HMDB00700
DB03690	HMDB00593
DB03696	HMDB01251
DB03696	HMDB31438
DB03696	HMDB37032
DB03699	HMDB01022
DB03700	HMDB00167
DB03700	HMDB04041
DB03704	HMDB02059
DB03708	HMDB01003
DB03709	HMDB11727
DB03715	HMDB59886
DB03721	HMDB00230
DB03721	HMDB00773
DB03723	HMDB06354
DB03733	HMDB29571
DB03740	HMDB00212
DB03740	HMDB00215
DB03740	HMDB00803
DB03740	HMDB00853
DB03740	HMDB01129
DB03741	HMDB02176
DB03741	HMDB33742
DB03750	HMDB00718
DB03751	HMDB01328
DB03751	HMDB06876
DB03756	HMDB02183
DB03760	HMDB12210
DB03761	HMDB60394
DB03765	HMDB11692
DB03766	HMDB00237
DB03769	HMDB29895
DB03773	HMDB00174
DB03773	HMDB00849
DB03773	HMDB03081
DB03773	HMDB29196
DB03773	HMDB59624
DB03773	HMDB59625
DB03774	HMDB02104
DB03775	HMDB03581
DB03776	HMDB03052
DB03776	HMDB06458
DB03779	HMDB11668
DB03784	HMDB02117
DB03793	HMDB01870
DB03796	HMDB00220
DB03796	HMDB60083
DB03798	HMDB01202
DB03800	HMDB01409
DB03815	HMDB41500
DB03817	HMDB02362
DB03817	HMDB06284
DB03822	HMDB12228
DB03823	HMDB38361
DB03823	HMDB38365
DB03829	HMDB01271
DB03832	HMDB00791
DB03839	HMDB00158
DB03840	HMDB01039
DB03840	HMDB02111
DB03843	HMDB01426
DB03847	HMDB41900
DB03852	HMDB04472
DB03854	HMDB02322
DB03863	HMDB33789
DB03866	HMDB03235
DB03867	HMDB01904
DB03868	HMDB12710
DB03882	HMDB00369
DB03882	HMDB00383
DB03882	HMDB00412
DB03882	HMDB00458
DB03882	HMDB00493
DB03882	HMDB00495
DB03882	HMDB00551
DB03882	HMDB00554
DB03882	HMDB60437
DB03884	HMDB00205
DB03884	HMDB31629
DB03886	HMDB00468
DB03886	HMDB00633
DB03886	HMDB00817
DB03894	HMDB15454
DB03896	HMDB03379
DB03896	HMDB12282
DB03897	HMDB02199
DB03900	HMDB31456
DB03902	HMDB02329
DB03904	HMDB00294
DB03911	HMDB00098
DB03911	HMDB00646
DB03911	HMDB12194
DB03912	HMDB01416
DB03915	HMDB06454
DB03918	HMDB00027
DB03918	HMDB00787
DB03918	HMDB59658
DB03926	HMDB00369
DB03926	HMDB00383
DB03926	HMDB00412
DB03926	HMDB00458
DB03926	HMDB00493
DB03926	HMDB00495
DB03926	HMDB00551
DB03926	HMDB00554
DB03926	HMDB60437
DB03929	HMDB00187
DB03929	HMDB03406
DB03931	HMDB01379
DB03934	HMDB00887
DB03934	HMDB03178
DB03934	HMDB37761
DB03937	HMDB01321
DB03943	HMDB00168
DB03943	HMDB33780
DB03945	HMDB01565
DB03946	HMDB01856
DB03947	HMDB00621
DB03947	HMDB00751
DB03947	HMDB01644
DB03951	HMDB01062
DB03951	HMDB01121
DB03951	HMDB02817
DB03955	HMDB35359
DB03956	HMDB01143
DB03956	HMDB01498
DB03974	HMDB00670
DB03977	HMDB01325
DB03983	HMDB02206
DB03983	HMDB03276
DB03983	HMDB12261
DB03983	HMDB59640
DB03989	HMDB00122
DB03989	HMDB00143
DB03989	HMDB00169
DB03989	HMDB00516
DB03989	HMDB01151
DB03989	HMDB03345
DB03989	HMDB03449
DB03989	HMDB12326
DB03989	HMDB33704
DB03993	HMDB00689
DB03994	HMDB00149
DB03995	HMDB29926
DB04005	HMDB00285
DB04022	HMDB59638
DB04027	HMDB00517
DB04027	HMDB03416
DB04031	HMDB01039
DB04031	HMDB02111
DB04034	HMDB00868
DB04038	HMDB00878
DB04045	HMDB01269
DB04045	HMDB02255
DB04045	HMDB02310
DB04046	HMDB29965
DB04051	HMDB02043
DB04052	HMDB32151
DB04056	HMDB01123
DB04062	HMDB00174
DB04062	HMDB00849
DB04062	HMDB03081
DB04062	HMDB29196
DB04062	HMDB59624
DB04062	HMDB59625
DB04066	HMDB02035
DB04066	HMDB30677
DB04071	HMDB39421
DB04072	HMDB06471
DB04074	HMDB00019
DB04075	HMDB01138
DB04077	HMDB00131
DB04093	HMDB30941
DB04099	HMDB01179
DB04100	HMDB01361
DB04104	HMDB11600
DB04110	HMDB59811
DB04113	HMDB31702
DB04115	HMDB03409
DB04115	HMDB41837
DB04116	HMDB00048
DB04116	HMDB02923
DB04116	HMDB06792
DB04116	HMDB38489
DB04120	HMDB00873
DB04122	HMDB01078
DB04122	HMDB01401
DB04122	HMDB03498
DB04124	HMDB30466
DB04127	HMDB00618
DB04127	HMDB01548
DB04137	HMDB01273
DB04141	HMDB31688
DB04151	HMDB00001
DB04153	HMDB04662
DB04156	HMDB00662
DB04160	HMDB00250
DB04166	HMDB01123
DB04167	HMDB06029
DB04173	HMDB00660
DB04178	HMDB08036
DB04179	HMDB32929
DB04183	HMDB00202
DB04185	HMDB13716
DB04193	HMDB00719
DB04200	HMDB35698
DB04200	HMDB35789
DB04202	HMDB33994
DB04207	HMDB00279
DB04214	HMDB60272
DB04216	HMDB05794
DB04219	HMDB01039
DB04219	HMDB02111
DB04224	HMDB00207
DB04224	HMDB00573
DB04231	HMDB01039
DB04231	HMDB02111
DB04242	HMDB00500
DB04248	HMDB01262
DB04248	HMDB06857
DB04248	HMDB38852
DB04252	HMDB00828
DB04257	HMDB03229
DB04257	HMDB12328
DB04257	HMDB60082
DB04261	HMDB03551
DB04265	HMDB00230
DB04265	HMDB00773
DB04267	HMDB33161
DB04272	HMDB00094
DB04275	HMDB01238
DB04277	HMDB00124
DB04279	HMDB12156
DB04284	HMDB04827
DB04286	HMDB00098
DB04286	HMDB00646
DB04286	HMDB12194
DB04290	HMDB01413
DB04293	HMDB14590
DB04299	HMDB00134
DB04299	HMDB00176
DB04300	HMDB01187
DB04304	HMDB00565
DB04304	HMDB00625
DB04304	HMDB03290
DB04315	HMDB01201
DB04319	HMDB00174
DB04319	HMDB00849
DB04319	HMDB03081
DB04319	HMDB29196
DB04319	HMDB59624
DB04319	HMDB59625
DB04325	HMDB12275
DB04325	HMDB60276
DB04326	HMDB01473
DB04327	HMDB08991
DB04327	HMDB60501
DB04329	HMDB34244
DB04335	HMDB00195
DB04335	HMDB03040
DB04339	HMDB29415
DB04342	HMDB15574
DB04343	HMDB00119
DB04348	HMDB00036
DB04348	HMDB00889
DB04348	HMDB00922
DB04349	HMDB01881
DB04349	HMDB06213
DB04351	HMDB00072
DB04351	HMDB00958
DB04352	HMDB00618
DB04352	HMDB01548
DB04355	HMDB00286
DB04355	HMDB00302
DB04355	HMDB60079
DB04364	HMDB03243
DB04365	HMDB30353
DB04370	HMDB00731
DB04372	HMDB08138
DB04375	HMDB01396
DB04377	HMDB00355
DB04377	HMDB59737
DB04380	HMDB01209
DB04381	HMDB34233
DB04382	HMDB12327
DB04388	HMDB02104
DB04397	HMDB01039
DB04397	HMDB02111
DB04398	HMDB00190
DB04398	HMDB01311
DB04400	HMDB00038
DB04401	HMDB01252
DB04417	HMDB01232
DB04418	HMDB00536
DB04418	HMDB59653
DB04419	HMDB01645
DB04422	HMDB00742
DB04423	HMDB02274
DB04423	HMDB06316
DB04428	HMDB01039
DB04428	HMDB02111
DB04428	HMDB02206
DB04428	HMDB12261
DB04428	HMDB59640
DB04440	HMDB29956
DB04444	HMDB00662
DB04444	HMDB01247
DB04445	HMDB03625
DB04445	HMDB12238
DB04445	HMDB59634
DB04447	HMDB13593
DB04454	HMDB00452
DB04454	HMDB00650
DB04454	HMDB61050
DB04455	HMDB00043
DB04455	HMDB59606
DB04457	HMDB01044
DB04464	HMDB01015
DB04465	HMDB00055
DB04465	HMDB00163
DB04465	HMDB00186
DB04465	HMDB29902
DB04465	HMDB29933
DB04465	HMDB33368
DB04465	HMDB37138
DB04465	HMDB41627
DB04468	HMDB60530
DB04473	HMDB00174
DB04473	HMDB00849
DB04473	HMDB03081
DB04473	HMDB29196
DB04473	HMDB59624
DB04473	HMDB59625
DB04481	HMDB02994
DB04481	HMDB04136
DB04485	HMDB00273
DB04485	HMDB15394
DB04492	HMDB00781
DB04493	HMDB03971
DB04493	HMDB06873
DB04494	HMDB01039
DB04494	HMDB02111
DB04510	HMDB00807
DB04510	HMDB60180
DB04512	HMDB31860
DB04515	HMDB33789
DB04519	HMDB00482
DB04522	HMDB00272
DB04522	HMDB01721
DB04524	HMDB01175
DB04526	HMDB29952
DB04537	HMDB13318
DB04540	HMDB00067
DB04551	HMDB01058
DB04551	HMDB06872
DB04551	HMDB60444
DB04552	HMDB15573
DB04553	HMDB00005
DB04555	HMDB01546
DB04557	HMDB01043
DB04562	HMDB31193
DB04564	HMDB00150
DB04566	HMDB00175
DB04569	HMDB41485
DB04570	HMDB15574
DB04571	HMDB15575
DB04572	HMDB15576
DB04573	HMDB00153
DB04573	HMDB00347
DB04573	HMDB00356
DB04573	HMDB00431
DB04574	HMDB01425
DB04575	HMDB15579
DB04586	HMDB32059
DB04594	HMDB00428
DB04619	HMDB33910
DB04622	HMDB13253
DB04630	HMDB00037
DB04650	HMDB00030
DB04652	HMDB01547
DB04658	HMDB38594
DB04660	HMDB00086
DB04661	HMDB12318
DB04665	HMDB01218
DB04683	HMDB10631
DB04688	HMDB06406
DB04699	HMDB00549
DB04704	HMDB06283
DB04705	HMDB06247
DB04706	HMDB01496
DB04706	HMDB06119
DB04706	HMDB59592
DB04711	HMDB15581
DB04714	HMDB01347
DB04734	HMDB00634
DB04734	HMDB00749
DB04737	HMDB34666
DB04737	HMDB60486
DB04784	HMDB32619
DB04786	HMDB15582
DB04789	HMDB01396
DB04794	HMDB15583
DB04801	HMDB03231
DB04805	HMDB30520
DB04810	HMDB15531
DB04811	HMDB15531
DB04816	HMDB29752
DB04817	HMDB00588
DB04819	HMDB00492
DB04819	HMDB02306
DB04827	HMDB31219
DB04833	HMDB41921
DB04834	HMDB02500
DB04835	HMDB15584
DB04836	HMDB00492
DB04836	HMDB02306
DB04837	HMDB15585
DB04838	HMDB15586
DB04840	HMDB06543
DB04841	HMDB15589
DB04842	HMDB15590
DB04843	HMDB15591
DB04844	HMDB15592
DB04845	HMDB15593
DB04851	HMDB00094
DB04861	HMDB15594
DB04866	HMDB31784
DB04868	HMDB15595
DB04874	HMDB00051
DB04874	HMDB00492
DB04874	HMDB02306
DB04874	HMDB41827
DB04876	HMDB15596
DB04877	HMDB15597
DB04878	HMDB15598
DB04880	HMDB15599
DB04890	HMDB15600
DB04894	HMDB15601
DB04896	HMDB15602
DB04898	HMDB15603
DB04930	HMDB15604
DB04933	HMDB00588
DB04936	HMDB03418
DB04942	HMDB15605
DB04948	HMDB15606
DB04967	HMDB15607
DB04972	HMDB00492
DB04972	HMDB02306
DB04996	HMDB00042
DB04996	HMDB00051
DB04996	HMDB00492
DB04996	HMDB02306
DB04996	HMDB31404
DB04996	HMDB41827
DB05034	HMDB42057
DB05039	HMDB15608
DB05088	HMDB03276
DB05109	HMDB15609
DB05143	HMDB00588
DB05197	HMDB42013
DB05229	HMDB00588
DB05245	HMDB02659
DB05245	HMDB15610
DB05246	HMDB15611
DB05251	HMDB14365
DB05260	HMDB02878
DB05260	HMDB15612
DB05262	HMDB00786
DB05265	HMDB15613
DB05266	HMDB15614
DB05271	HMDB15615
DB05289	HMDB14850
DB05291	HMDB14426
DB05296	HMDB00042
DB05302	HMDB00492
DB05302	HMDB02306
DB05302	HMDB14842
DB05314	HMDB01903
DB05316	HMDB00956
DB05316	HMDB29878
DB05316	HMDB59916
DB05318	HMDB02227
DB05339	HMDB00492
DB05339	HMDB02306
DB05340	HMDB00588
DB05347	HMDB14925
DB05379	HMDB15064
DB05381	HMDB00492
DB05381	HMDB00870
DB05381	HMDB02306
DB05381	HMDB60263
DB05382	HMDB00675
DB05383	HMDB00492
DB05383	HMDB02306
DB05384	HMDB31647
DB05389	HMDB01039
DB05389	HMDB01377
DB05389	HMDB02077
DB05389	HMDB02111
DB05428	HMDB00042
DB05436	HMDB01890
DB05446	HMDB04662
DB05456	HMDB08100
DB05461	HMDB00492
DB05461	HMDB01039
DB05461	HMDB02111
DB05461	HMDB02306
DB05482	HMDB60510
DB05488	HMDB14677
DB05494	HMDB00089
DB05494	HMDB15122
DB05508	HMDB00492
DB05508	HMDB02306
DB05508	HMDB14842
DB05521	HMDB15616
DB05630	HMDB00588
DB05630	HMDB01039
DB05630	HMDB02111
DB05630	HMDB04118
DB05630	HMDB15617
DB05708	HMDB00492
DB05708	HMDB02306
DB05738	HMDB00492
DB05738	HMDB02306
DB05790	HMDB00492
DB05790	HMDB02306
DB05792	HMDB00492
DB05792	HMDB02306
DB05804	HMDB01032
DB05837	HMDB00492
DB05837	HMDB02306
DB05891	HMDB00492
DB05891	HMDB00870
DB05891	HMDB02306
DB05891	HMDB60263
DB06144	HMDB15618
DB06147	HMDB15619
DB06148	HMDB15620
DB06150	HMDB15621
DB06151	HMDB01890
DB06155	HMDB15623
DB06196	HMDB15624
DB06209	HMDB15625
DB06216	HMDB00134
DB06216	HMDB00176
DB06262	HMDB15627
DB06267	HMDB15628
DB06268	HMDB15629
DB06274	HMDB15631
DB06287	HMDB15632
DB06288	HMDB15633
DB06292	HMDB01039
DB06292	HMDB01881
DB06292	HMDB02111
DB06292	HMDB06213
DB06335	HMDB15634
DB06402	HMDB00492
DB06402	HMDB02306
DB06590	HMDB60581
DB06594	HMDB15636
DB06684	HMDB15637
DB06689	HMDB00149
DB06689	HMDB00207
DB06689	HMDB00573
DB06689	HMDB15638
DB06691	HMDB15639
DB06694	HMDB15640
DB06695	HMDB15641
DB06696	HMDB15642
DB06697	HMDB15643
DB06698	HMDB15644
DB06699	HMDB15645
DB06700	HMDB15646
DB06700	HMDB60532
DB06701	HMDB14566
DB06701	HMDB15647
DB06702	HMDB15648
DB06703	HMDB15649
DB06705	HMDB00588
DB06705	HMDB01039
DB06705	HMDB02111
DB06705	HMDB15650
DB06706	HMDB15651
DB06707	HMDB02832
DB06707	HMDB15652
DB06708	HMDB15653
DB06709	HMDB15654
DB06710	HMDB15655
DB06711	HMDB15656
DB06712	HMDB15657
DB06713	HMDB15658
DB06714	HMDB15659
DB06715	HMDB00586
DB06715	HMDB12238
DB06715	HMDB59634
DB06716	HMDB15661
DB06717	HMDB15662
DB06718	HMDB03116
DB06723	HMDB01039
DB06723	HMDB01247
DB06723	HMDB02111
DB06725	HMDB15666
DB06728	HMDB03012
DB06729	HMDB15667
DB06730	HMDB15668
DB06731	HMDB60551
DB06738	HMDB41913
DB06743	HMDB36862
DB06744	HMDB36861
DB06745	HMDB36860
DB06746	HMDB29605
DB06747	HMDB30042
DB06748	HMDB34996
DB06751	HMDB15669
DB06766	HMDB15670
DB06768	HMDB00051
DB06768	HMDB00190
DB06768	HMDB01311
DB06768	HMDB15671
DB06768	HMDB41827
DB06770	HMDB03119
DB06772	HMDB15672
DB06775	HMDB15673
DB06777	HMDB00361
DB06777	HMDB00384
DB06777	HMDB00514
DB06777	HMDB00518
DB06777	HMDB00686
DB06777	HMDB00946
DB06781	HMDB15676
DB06781	HMDB61149
DB06782	HMDB15677
DB06802	HMDB15678
DB06803	HMDB15679
DB06804	HMDB15680
DB06809	HMDB15681
DB06810	HMDB15682
DB06870	HMDB04626
DB06894	HMDB11626
DB06926	HMDB04667
DB06973	HMDB32133
DB06987	HMDB01924
DB07060	HMDB00671
DB07069	HMDB06116
DB07109	HMDB00955
DB07111	HMDB60049
DB07118	HMDB59622
DB07129	HMDB14523
DB07172	HMDB05081
DB07177	HMDB02341
DB07177	HMDB03175
DB07302	HMDB04670
DB07302	HMDB10223
DB07338	HMDB37112
DB07339	HMDB12884
DB07352	HMDB02124
DB07373	HMDB03422
DB07375	HMDB00899
DB07375	HMDB03769
DB07392	HMDB41830
DB07424	HMDB00586
DB07447	HMDB02961
DB07447	HMDB06770
DB07465	HMDB15634
DB07467	HMDB14946
DB07475	HMDB14334
DB07496	HMDB32066
DB07506	HMDB12127
DB07517	HMDB61112
DB07518	HMDB33373
DB07557	HMDB03759
DB07557	HMDB59652
DB07610	HMDB60497
DB07645	HMDB00792
DB07674	HMDB01460
DB07690	HMDB00348
DB07690	HMDB00411
DB07690	HMDB00438
DB07690	HMDB00478
DB07690	HMDB00626
DB07690	HMDB02585
DB07701	HMDB05041
DB07702	HMDB00153
DB07702	HMDB00347
DB07702	HMDB00356
DB07702	HMDB00431
DB07705	HMDB15259
DB07706	HMDB00338
DB07715	HMDB35214
DB07718	HMDB00707
DB07726	HMDB32062
DB07767	HMDB00954
DB07768	HMDB00234
DB07768	HMDB00628
DB07776	HMDB03075
DB07780	HMDB00961
DB07810	HMDB03306
DB07814	HMDB03559
DB07841	HMDB04486
DB07841	HMDB60108
DB07841	HMDB60109
DB07886	HMDB00063
DB07886	HMDB14879
DB07896	HMDB00822
DB07907	HMDB00711
DB07907	HMDB02264
DB07919	HMDB30311
DB07930	HMDB00387
DB07930	HMDB10728
DB07950	HMDB00197
DB07951	HMDB38666
DB07980	HMDB40292
DB07992	HMDB00682
DB08046	HMDB14455
DB08120	HMDB00985
DB08230	HMDB29620
DB08231	HMDB00806
DB08264	HMDB60335
DB08276	HMDB00662
DB08298	HMDB01923
DB08327	HMDB00130
DB08398	HMDB41008
DB08399	HMDB04215
DB08427	HMDB12283
DB08435	HMDB05079
DB08468	HMDB02899
DB08472	HMDB14615
DB08517	HMDB30090
DB08544	HMDB14615
DB08567	HMDB05010
DB08587	HMDB32616
DB08587	HMDB34069
DB08645	HMDB15156
DB08652	HMDB29739
DB08653	HMDB00303
DB08653	HMDB60064
DB08688	HMDB33713
DB08689	HMDB02012
DB08690	HMDB06709
DB08744	HMDB33349
DB08754	HMDB33026
DB08792	HMDB15684
DB08795	HMDB15685
DB08796	HMDB15686
DB08797	HMDB15687
DB08798	HMDB15688
DB08799	HMDB15689
DB08800	HMDB15690
DB08801	HMDB15691
DB08802	HMDB15692
DB08803	HMDB15693
DB08804	HMDB15694
DB08806	HMDB15695
DB08807	HMDB15696
DB08808	HMDB15697
DB08810	HMDB15698
DB08811	HMDB15699
DB08816	HMDB15702
DB08819	HMDB15704
DB08820	HMDB15705
DB08830	HMDB01264
DB08831	HMDB12327
DB08834	HMDB00874
DB08834	HMDB00951
DB08836	HMDB00492
DB08836	HMDB02306
DB08838	HMDB01432
DB08838	HMDB60259
DB08842	HMDB00201
DB08844	HMDB00289
DB08846	HMDB02899
DB08847	HMDB00725
DB08847	HMDB06055
DB08847	HMDB36576
DB08847	HMDB60460
DB08860	HMDB41991
DB08878	HMDB01833
DB08884	HMDB00588
DB08887	HMDB39530
DB08913	HMDB00492
DB08913	HMDB02306
DB08918	HMDB15602
DB08938	HMDB01039
DB08938	HMDB02111
DB08938	HMDB15456
DB08940	HMDB41914
DB08944	HMDB00094
DB08956	HMDB60407
DB08972	HMDB41895
DB08978	HMDB02500
DB08986	HMDB00492
DB08986	HMDB02306
DB08990	HMDB00492
DB08990	HMDB02306
DB08995	HMDB29548
DB09004	HMDB32216
DB09015	HMDB00586
